Street,District
27 Grudnia,Stare Miasto
28 Czerwca 1956 r.,Wilda
3 Maja,Stare Miasto
3. Pułku Lotniczego,Jeżyce
5 Stycznia,Jeżyce
Abpa Antoniego Baraniaka,Nowe Miasto
abpa Walentego Dymka,Nowe Miasto
Adama Asnyka,Jeżyce
Adama Biedrzyckiego,Grunwald
Adama Grześkiewicza,Wilda
Adama Haber-Włyńskiego,Jeżyce
Adama Kręglewskiego,Nowe Miasto
Adama Logi,Grunwald
Adama Mickiewicza,Jeżyce
Adama Poszwińskiego,Jeżyce
Adama Skałkowskiego,Stare Miasto
Adama Tomaszewskiego,Stare Miasto
Adama Wrzoska,Jeżyce
adm. Józefa Unruga,Jeżyce
Admiralska,Jeżyce
Adolfa Bnińskiego,Stare Miasto
Agatowa,Stare Miasto
Agrestowa,Nowe Miasto
Ajschylosa,Jeżyce
Akacjowa,Wilda
al. 15 Pułku Ułanów Poznańskich,Stare Miasto
al. Aleje Karola Marcinkowskiego,Stare Miasto
al. Armii,Stare Miasto
al. Cytadelowców,Stare Miasto
al. Edwarda Stachury,Jeżyce
al. gen. Stanisława Sosabowskiego,Stare Miasto
al. Jana Piwnika,Jeżyce
al. Króla Przemysła II,Wilda
al. Krzysztofa Komedy,Nowe Miasto
al. ks. Mieczysława Radziejewskiego,Nowe Miasto
al. Niepodległości,Stare Miasto
al. Orderu Uśmiechu,Nowe Miasto
al. Pod Lipami,Stare Miasto
al. Wielkopolska,Jeżyce
Albańska,Grunwald
Aleje Solidarności,Jeżyce
Aleje Solidarności,Stare Miasto
Aleksandra Fredry,Stare Miasto
Aleksandra Gabszewicza,Nowe Miasto
Aleksandra Hercena,Stare Miasto
Aleksandra Puszkina,Jeżyce
Aleksandra Studniarskiego,Nowe Miasto
Aleksandry Karpińskiej,Jeżyce
Alicji Iwańskiej,Jeżyce
Alojzego Nowaka,Wilda
Altanowa,Jeżyce
Alzacka,Stare Miasto
Amelii Łączyńskiej,Jeżyce
Ametystowa,Stare Miasto
Ananasowa,Stare Miasto
Andaluzyjska,Stare Miasto
Andrychowska,Nowe Miasto
Andrzeja i Władysława Niegolewskich,Grunwald
Andrzeja Kopy,Jeżyce
Andrzeja Łaskarza,Nowe Miasto
Andrzeja Sobczaka,Nowe Miasto
Anieli Tułodzieckiej,Jeżyce
Anny Danysz,Jeżyce
Anny German,Stare Miasto
Anny Jantar,Nowe Miasto
Anny Memoraty,Jeżyce
Antona Czechowa,Jeżyce
Antoniego Andrzejewskiego,Grunwald
Antoniego Gołubiewa,Jeżyce
Antoniego Kocjana,Jeżyce
Antoniego Kosińskiego,Wilda
Antoniego Madalińskiego,Wilda
Antoniego Małeckiego,Grunwald
Anyżowa,Stare Miasto
Aragońska,Stare Miasto
Architektów,Jeżyce
Arkadego Fiedlera,Jeżyce
Arkońska,Nowe Miasto
Armeńska,Stare Miasto
Arnikowa,Stare Miasto
Arnolda Szylinga,Grunwald
Aroniowa,Nowe Miasto
Artura Grottgera,Grunwald
Artura Marii Swinarskiego,Grunwald
Artura Oppmana,Grunwald
Arystofanesa,Jeżyce
Astrowa,Grunwald
Augusta Cieszkowskiego,Jeżyce
Augusta Emila Fieldorfa,Jeżyce
Augustowska,Nowe Miasto
Augustyna Kordeckiego,Grunwald
Augustyna Szamarzewskiego,Jeżyce
Azaliowa,Wilda
Babicka,Nowe Miasto
Babiego Lata,Stare Miasto
Babimojska,Grunwald
Balonowa,Jeżyce
Baltazara Lewandowskiego,Stare Miasto
Bałtycka,Nowe Miasto
Bananowa,Stare Miasto
Barana,Nowe Miasto
Baranowska,Nowe Miasto
Barbary Lerczakówny,Grunwald
Barcińska,Nowe Miasto
Barczewska,Jeżyce
Barlinecka,Grunwald
Barska,Wilda
Bartnicza,Nowe Miasto
Bartoszycka,Jeżyce
Barwicka,Grunwald
Baśniowa,Grunwald
Bastionowa,Stare Miasto
Batalionów Chłopskich,Stare Miasto
Bazyliowa,Stare Miasto
Będlewska,Grunwald
Bednarska,Jeżyce
Będzińska,Wilda
Begoniowa,Grunwald
Bełchatowska,Grunwald
Belwederska,Grunwald
Benedykta Dybowskiego,Stare Miasto
Berberysowa,Nowe Miasto
Berdychowo,Nowe Miasto
Berestecka,Grunwald
Berylowa,Stare Miasto
Beskidzka,Jeżyce
Biała,Grunwald
Białczańska,Jeżyce
Białoborska,Jeżyce
Białobrzeska,Nowe Miasto
Białogardzka,Jeżyce
Białoruska,Stare Miasto
Białośliwska,Jeżyce
Białostocka,Nowe Miasto
Bibianny Moraczewskiej,Jeżyce
Biebrzańska,Jeżyce
Biecka,Jeżyce
Bielniki,Wilda
Bielska,Wilda
Bieszczady,Jeżyce
Biłgorajska,Nowe Miasto
Biskupińska,Jeżyce
Bitwy pod Siekierkami,Stare Miasto
Bitwy pod Studziankami,Stare Miasto
Biwakowa,Jeżyce
bł. Marii Karłowskiej,Jeżyce
bł. Marii Sancji Szymkowiak,Jeżyce
bł. Marka z Aviano,Stare Miasto
Blacharska,Nowe Miasto
Bławatkowa,Wilda
Błażeja,Stare Miasto
Błażeja Winklera,Grunwald
Błękitna,Jeżyce
Bliźniąt,Nowe Miasto
Błogosławionej Poznańskiej Piątki,Wilda
Błońska,Wilda
Błotna,Wilda
Bluszczowa,Wilda
Bnińska,Nowe Miasto
Bobolicka,Grunwald
Bobrownicka,Nowe Miasto
Bobrzańska,Nowe Miasto
Bocheńska,Nowe Miasto
Bociania,Jeżyce
Boczna,Grunwald
Boczowska,Grunwald
Bodawska,Nowe Miasto
Bogdanowska,Grunwald
Bogumiła,Stare Miasto
Bogumiła Krygowskiego,Stare Miasto
Bogusława,Stare Miasto
Bogusza,Stare Miasto
Bohaterów Westerplatte,Wilda
Bohdana Arcta,Jeżyce
Bohdana Winiarskiego,Wilda
Bojanowska,Grunwald
Bojerowa,Jeżyce
Bolesława Czerwińskiego,Wilda
Bolesława Kontryma,Jeżyce
Bolesława Krysiewicza,Stare Miasto
Bolesława Krzywoustego,Nowe Miasto
Bolesława Leśmiana,Grunwald
Bolesława Limanowskiego,Grunwald
Bolesława Prusa,Jeżyce
Bolesławy,Nowe Miasto
Bolka,Stare Miasto
Bolkowicka,Grunwald
Bonin,Jeżyce
Boranta,Stare Miasto
Borecka,Nowe Miasto
Borowa,Nowe Miasto
Borowikowa,Nowe Miasto
Borówki,Nowe Miasto
Borówkowa,Stare Miasto
Borsucza,Nowe Miasto
Boruty,Grunwald
Bosa,Grunwald
Bosmańska,Jeżyce
Botaniczna,Jeżyce
Bożeny,Nowe Miasto
Bóżnicza,Stare Miasto
Bożydara,Stare Miasto
Bożymira,Stare Miasto
Bożywoja,Stare Miasto
Braniborska,Grunwald
Braniewska,Jeżyce
Brasławska,Stare Miasto
Bratkowa,Grunwald
Bratumiły,Stare Miasto
Brneńska,Nowe Miasto
Brodnicka,Jeżyce
Brokułowa,Nowe Miasto
Bronisława,Stare Miasto
Bronisława Malinowskiego,Nowe Miasto
Bronisza,Stare Miasto
Browarna,Nowe Miasto
Bruzdowa,Nowe Miasto
Brylantowa,Stare Miasto
Brzask,Grunwald
Brzeska,Nowe Miasto
Brzeźnicka,Grunwald
Brzoskwiniowa,Nowe Miasto
Brzozowa,Wilda
Budzisława,Stare Miasto
Budziszyńska,Grunwald
Budzyńska,Jeżyce
Bukowa,Wilda
Bukowska,Grunwald
Bukowska,Jeżyce
Bułgarska,Grunwald
Burgundzka,Stare Miasto
Bursztynowa,Stare Miasto
Burtowa,Jeżyce
Burysława,Stare Miasto
Burzowa,Stare Miasto
Buska,Jeżyce
Bużańska,Jeżyce
Bychawska,Nowe Miasto
Byczyńska,Grunwald
Bydgoska,Nowe Miasto
Byka,Nowe Miasto
Bylicowa,Stare Miasto
Bystra,Nowe Miasto
Bystrzycka,Jeżyce
Bytomska,Wilda
Bzowa,Wilda
Cedrowa,Wilda
Cedzyńska,Grunwald
Ceglana,Grunwald
Celichowskich,Stare Miasto
Ceramiczna,Grunwald
Cerekwicka,Jeżyce
Cetniewska,Jeżyce
Chabrowa,Wilda
Chartowo,Nowe Miasto
Charzykowska,Jeżyce
Chęcińska,Nowe Miasto
Chełmińska,Jeżyce
Chemiczna,Nowe Miasto
Chlebowa,Nowe Miasto
Chłodna,Grunwald
Chmielna,Wilda
Chmurna,Stare Miasto
Chochołowska,Jeżyce
Chociebora,Nowe Miasto
Chocimska,Stare Miasto
Chodzieska,Jeżyce
Chojnicka,Jeżyce
Chomęcicka,Grunwald
Chotomińska,Nowe Miasto
Christiana Andersena,Grunwald
Chrobacka,Stare Miasto
Chryzantemowa,Grunwald
Chrzanowska,Nowe Miasto
Chwaliszewo,Stare Miasto
Chyżańska,Nowe Miasto
Ciasna,Stare Miasto
Cicha,Stare Miasto
Ciechocińska,Jeżyce
Cienista,Jeżyce
Cieplicka,Jeżyce
Cieszymira,Nowe Miasto
Cieszyńska,Wilda
Cisowa,Wilda
Cmentarna,Grunwald
Ćmielowska,Nowe Miasto
Conrada Drzewieckiego,Grunwald
Cumownicza,Jeżyce
Cybińska,Nowe Miasto
Cynamonowa,Stare Miasto
Cyniowa,Grunwald
Cypriana Norwida,Jeżyce
Cyprysowa,Wilda
Cyraneczki,Nowe Miasto
Cyrkoniowa,Stare Miasto
Cytrynowa,Stare Miasto
Czajcza,Wilda
Czapla,Stare Miasto
Czaplinecka,Jeżyce
Czarna Rola,Stare Miasto
Czarnkowska,Jeżyce
Czarnohorska,Jeżyce
Czarnucha,Stare Miasto
Czartoria,Stare Miasto
Czechosłowacka,Grunwald
Czechosłowacka,Wilda
Czechowska,Jeżyce
Czekalskie,Nowe Miasto
Czekoladowa,Stare Miasto
Czempińska,Grunwald
Czeremchowa,Wilda
Czereśniowa,Wilda
Czernichowska,Nowe Miasto
Czerniejewska,Nowe Miasto
Czerska,Jeżyce
Czerwonacka,Nowe Miasto
Czesława Gerwela,Grunwald
Czesława Miłosza,Jeżyce
Czesława Niemena,Nowe Miasto
Czesława Tańskiego,Jeżyce
Cześnikowska,Grunwald
Częstochowska,Grunwald
Człopska,Jeżyce
Człuchowska,Jeżyce
Czorsztyńska,Jeżyce
Czwartaków,Wilda
Czysta,Nowe Miasto
Dąbrówki,Wilda
Daktylowa,Stare Miasto
Daleka,Grunwald
Dalemińska,Stare Miasto
Daliowa,Grunwald
Danuty,Nowe Miasto
Darłowska,Jeżyce
Darniowa,Nowe Miasto
Darzyborska,Nowe Miasto
Darzyńska,Nowe Miasto
Daszewicka,Nowe Miasto
Dębicka,Nowe Miasto
Dęblińska,Nowe Miasto
Dębowa,Wilda
Dedala,Jeżyce
Dereniowa,Nowe Miasto
Deszczowa,Stare Miasto
Dezyderego Chłapowskiego,Wilda
Diamentowa,Stare Miasto
Długa,Stare Miasto
Dniestrzańska,Jeżyce
Do Alei,Stare Miasto
Do Spalarni,Nowe Miasto
Dobiegniewska,Grunwald
Dobra,Jeżyce
Dobrego Pasterza,Jeżyce
Dobrepole,Nowe Miasto
Dobrochny,Nowe Miasto
Dobrodzieńska,Grunwald
Dobromiejska,Jeżyce
Dobromiły,Nowe Miasto
Dobrowita,Nowe Miasto
Dojazd,Jeżyce
Doleńska,Nowe Miasto
Dolina,Wilda
Dolna,Stare Miasto
Dolna Wilda,Wilda
Dolne Chyby,Jeżyce
Dolska,Nowe Miasto
Dominikańska,Stare Miasto
Dożynkowa,Stare Miasto
Drawska,Wilda
Drewlańska,Stare Miasto
Drobna,Grunwald
Droga Dębińska,Wilda
droga Uniwersytetu Poznańskiego,Stare Miasto
droga Wszechnicy Piastowskiej,Stare Miasto
droga Zaułek Krystyny Feldman,Jeżyce
Drogocin,Stare Miasto
Drogowców,Jeżyce
Druskienicka,Jeżyce
Drużynowa,Grunwald
Drwali,Nowe Miasto
Drzewna,Wilda
Dukielska,Jeżyce
Dunajecka,Jeżyce
Duszna,Grunwald
Dusznicka,Jeżyce
Dwatory,Grunwald
Dworcowa,Stare Miasto
Dworcowa,Wilda
Dworkowa,Jeżyce
Dworska,Stare Miasto
Dyniowa,Nowe Miasto
Dynowska,Nowe Miasto
Dziadoszańska,Nowe Miasto
Działkowa,Grunwald
Działoszycka,Nowe Miasto
Działowa,Stare Miasto
Działyńskich,Stare Miasto
Dzicza,Nowe Miasto
Dzieci Wrzesińskich,Nowe Miasto
Dziedzicka,Nowe Miasto
Dzięgielowa,Stare Miasto
Dziekańska,Nowe Miasto
Dziewanny,Stare Miasto
Dziewińska,Grunwald
Dzikiej Róży,Nowe Miasto
Dziurawcowa,Stare Miasto
Dziwnowska,Jeżyce
Edmunda Calliera,Grunwald
Edmunda Knolla-Kownackiego,Stare Miasto
Edmunda Taczanowskiego,Grunwald
Edwarda Dembowskiego,Jeżyce
Edwarda Raczyńskiego,Jeżyce
Edwarda Taylora,Stare Miasto
Elbląska,Jeżyce
Elizy Orzeszkowej,Grunwald
Elżbiety Drużbackiej,Grunwald
Elżbiety Zawackiej,Jeżyce
Emila Zoli,Jeżyce
Emilii Plater,Wilda
Emilii Sczanieckiej,Grunwald
Emilii Waśniowskiej,Jeżyce
Emmy Puffke,Jeżyce
Energetyczna,Nowe Miasto
Epicka,Jeżyce
Estońska,Stare Miasto
Eugeniusza Kwiatkowskiego,Wilda
Eugeniusza Paukszty,Jeżyce
Eugeniusza Piaseckiego,Nowe Miasto
Eurypidesa,Jeżyce
Ewangelicka,Stare Miasto
Ewarysta Estkowskiego,Stare Miasto
Ewy Szelburg-Zarembiny,Jeżyce
Ezopa,Grunwald
Fabianowo,Grunwald
Fabryczna,Wilda
Falista,Nowe Miasto
Faszynowa,Nowe Miasto
Fedrusa,Grunwald
Feliksa Nowowiejskiego,Stare Miasto
Figowa,Stare Miasto
Filarecka,Wilda
Filipińska,Nowe Miasto
Fiołkowa,Wilda
Floksowa,Grunwald
Florentyny Luboińskiej,Nowe Miasto
Floriana Marciniaka,Jeżyce
Floriana Stablewskiego,Grunwald
Floriana Znanieckiego,Stare Miasto
Folwarczna,Nowe Miasto
Forsycjowa,Grunwald
Forteczna,Nowe Miasto
Franciszka Adamanisa,Grunwald
Franciszka Altera,Stare Miasto
Franciszka Firlika,Jeżyce
Franciszka Hynka,Jeżyce
Franciszka Jaśkowiaka,Stare Miasto
Franciszka Kleeberga,Stare Miasto
Franciszka Lubeckiego,Grunwald
Franciszka Morawskiego,Grunwald
Franciszka Ratajczaka,Stare Miasto
Franciszka Rylla,Grunwald
Franciszka Stróżyńskiego,Stare Miasto
Franciszka Witaszka,Wilda
Franciszka Włada,Stare Miasto
Franciszka Żwirki,Jeżyce
Franciszkańska,Stare Miasto
Franklina Roosevelta,Grunwald
Franklina Roosevelta,Jeżyce
Franowo,Nowe Miasto
Fregatowa,Jeżyce
Frezjowa,Grunwald
Fromborska,Jeżyce
Fryderyka Chopina,Stare Miasto
Fryderyka Schillera,Jeżyce
Fryderyka Skarbka,Grunwald
Gabrieli Zapolskiej,Jeżyce
Gajowa,Jeżyce
Galeonowa,Jeżyce
Galileusza,Grunwald
Galla Anonima,Jeżyce
Garaszewo,Nowe Miasto
Garbary,Stare Miasto
Gardowska,Nowe Miasto
Garncarska,Stare Miasto
Gąsawska,Nowe Miasto
Gąsiorowskich,Grunwald
Gdańska,Nowe Miasto
Gdyńska,Nowe Miasto
gen. Stanisława Maczka,Jeżyce
gen. Tadeusza Kutrzeby,Stare Miasto
Geodetów,Jeżyce
Gerberowa,Grunwald
Gertrudy Konatkowskiej,Jeżyce
Gęsia,Grunwald
Gieorgija Dobrowolskiego,Stare Miasto
Giżycka,Grunwald
Gladiolowa,Grunwald
Gładka,Nowe Miasto
Głazowa,Grunwald
Głazowa,Wilda
Głęboka,Wilda
Glebowa,Nowe Miasto
Gliniana,Grunwald
Glinianki,Grunwald
Glinienko,Stare Miasto
Glinno,Stare Miasto
Gliwicka,Wilda
Głogowa,Wilda
Głogowska,Grunwald
Głowicka,Grunwald
Główieniec,Nowe Miasto
Główna,Nowe Miasto
Głuchowska,Grunwald
Głuszyna,Nowe Miasto
Gminna,Nowe Miasto
Gniewka,Nowe Miasto
Gniewska,Jeżyce
Gnieźnieńska,Nowe Miasto
Gołdapska,Jeżyce
Gołębia,Stare Miasto
Golęcińska,Jeżyce
Golęczewska,Jeżyce
Goleniowska,Grunwald
Goleszowska,Wilda
Gołężycka,Nowe Miasto
Gołuchowska,Wilda
Goplańska,Nowe Miasto
Góra Przemysła,Stare Miasto
Gorajska,Jeżyce
Góralska,Jeżyce
Gorczycowa,Stare Miasto
Górczyńska,Grunwald
Górecka,Grunwald
Górecka,Wilda
Górki,Grunwald
Gorlicka,Nowe Miasto
Górna Wilda,Wilda
Górnicza,Grunwald
Górska,Nowe Miasto
Gorzowska,Grunwald
Gorzyńska,Jeżyce
Gorzysława,Nowe Miasto
Gościnna,Nowe Miasto
Gospodarska,Nowe Miasto
Gostyńska,Grunwald
Gostyńska,Wilda
Gothilfa Bergera,Wilda
Goździkowa,Grunwald
Grąbczowska,Grunwald
Grabowa,Wilda
Grabowska,Grunwald
Gradowa,Stare Miasto
Grajewska,Jeżyce
Granatowa,Stare Miasto
Graniczna,Grunwald
Graniowa,Grunwald
Granowska,Grunwald
Grobla,Stare Miasto
Grochowe Łąki,Stare Miasto
Grochowska,Grunwald
Grodnicka,Nowe Miasto
Grodzieńska,Nowe Miasto
Grodziska,Grunwald
Grodziska,Jeżyce
Grójecka,Nowe Miasto
Gromadzka,Stare Miasto
Gronostajowa,Nowe Miasto
Gronowa,Stare Miasto
Groszkowa,Nowe Miasto
Grotkowska,Grunwald
Grudziądzka,Jeżyce
Grudzieniec,Jeżyce
Gruntowa,Grunwald
Grunwaldzka,Grunwald
Gruszkowa,Wilda
Gruzińska,Stare Miasto
Gryczana,Stare Miasto
Gryfińska,Grunwald
Grzegorza Ciechowskiego,Nowe Miasto
Grzybowa,Wilda
Gubińska,Grunwald
Guliwera,Grunwald
Gustawa Herlinga-Grudzińskiego,Jeżyce
Gustawa Macewicza,Jeżyce
Gustawa Potworowskiego,Grunwald
Gwarna,Stare Miasto
Gwiaździsta,Grunwald
Hajduczka,Grunwald
Haliny,Nowe Miasto
Haliny Brodowskiej,Jeżyce
Haliny Konopackiej,Grunwald
Haliny Poświatowskiej,Jeżyce
Halna,Jeżyce
Halszki,Stare Miasto
Hangarowa,Jeżyce
Hanny Januszewskiej,Grunwald
Hanny Malewskiej,Jeżyce
Harcerska,Nowe Miasto
Hawelańska,Stare Miasto
Heleny Kurcewiczówny,Grunwald
Heleny Modrzejewskiej,Grunwald
Heleny Rzepeckiej,Jeżyce
Heleny Szafran,Jeżyce
Heliodora Święcickiego,Grunwald
Helska,Nowe Miasto
Henryka Arctowskiego,Nowe Miasto
Henryka Jordana,Wilda
Henryka Kowalówki,Stare Miasto
Henryka Łowmiańskiego,Stare Miasto
Henryka Opieńskiego,Stare Miasto
Henryka Siemiradzkiego,Grunwald
Henryka Sienkiewicza,Jeżyce
Henryka Śniegockiego,Stare Miasto
Henryka Sucharskiego,Wilda
Henryka Ułaszyna,Wilda
Henryka Wieniawskiego,Stare Miasto
Henryka Zygalskiego,Wilda
Herbowa,Stare Miasto
Hetmańska,Grunwald
Hetmańska,Nowe Miasto
Hetmańska,Wilda
Heweliusza,Grunwald
Hezjoda,Jeżyce
Hiacyntowa,Grunwald
Hipolita Cegielskiego,Stare Miasto
Hodowlana,Stare Miasto
Homera,Jeżyce
Honoriusza Balzaka,Jeżyce
Horacego,Jeżyce
Hoża,Jeżyce
Hrubieszowska,Nowe Miasto
Hubalczyków,Stare Miasto
Huby Moraskie,Stare Miasto
Hugona Kołłątaja,Wilda
Hulewiczów,Stare Miasto
Husarska,Grunwald
Hutnicza,Wilda
Idy Fink,Jeżyce
Ignacego Daszyńskiego,Wilda
Ignacego Dobrogojskiego,Stare Miasto
Ignacego Domeyki,Nowe Miasto
Ignacego Kaczmarka,Jeżyce
Ignacego Paderewskiego,Stare Miasto
Ignacego Prądzyńskiego,Wilda
Ignacego Zielewicza,Grunwald
Ikara,Jeżyce
Iłowska,Nowe Miasto
Iłżańska,Nowe Miasto
Imbirowa,Stare Miasto
Inflancka,Nowe Miasto
Dębiński Most,Nowe Miasto
Łejerów,Stare Miasto
Miejski Ogród Zoologiczny,Jeżyce
Most Biskupa Jordana,Nowe Miasto
Most Bolesława Chrobrego,Nowe Miasto
Most Bolesława Chrobrego,Stare Miasto
Most Dębiński,Nowe Miasto
Most Dębiński,Wilda
Most Dworcowy,Stare Miasto
Most Dworcowy,Wilda
Most Królowej Jadwigi,Nowe Miasto
Most Królowej Jadwigi,Stare Miasto
Most Lecha,Nowe Miasto
Most Lecha,Stare Miasto
Most Lucjana Ballenstedta,Nowe Miasto
Most Mieszka I,Nowe Miasto
Most Przemysława,Nowe Miasto
Most św. Rocha,Nowe Miasto
Most św. Rocha,Stare Miasto
Most Teatralny,Stare Miasto
Most Uniwersytecki,Stare Miasto
Stanisława Zierhoffera,Grunwald
Tunel Komandoria,Nowe Miasto
Tunel Leszka,Nowe Miasto
Tunel Łomżyński,Nowe Miasto
Tunel Miłostowo,Nowe Miasto
Tunel Mogileński,Nowe Miasto
Tunel Tumski,Nowe Miasto
Wiadukt Antoninek,Nowe Miasto
wiadukt Gabriela Narutowicza,Stare Miasto
wiadukt Kosynierów Górczyńskich,Grunwald
Wiadukt ks. Władysława Skórnickiego,Grunwald
Wiadukt Ryszarda Ganowicza,Jeżyce
Zaułek Piotra Majchrzaka,Stare Miasto
Inowrocławska,Nowe Miasto
Inspektowa,Stare Miasto
Ireneusza Wierzejewskiego,Grunwald
Irysowa,Grunwald
Iwana Bunina,Jeżyce
Iwana Kryłowa,Grunwald
Iwana Turgieniewa,Jeżyce
Iwonicka,Jeżyce
Izaaka Newtona,Grunwald
Izbicka,Jeżyce
Jabłonkowska,Wilda
Jachtowa,Jeżyce
Jacka Kaczmarskiego,Jeżyce
Jacka Malczewskiego,Wilda
Jacka Rychlewskiego,Nowe Miasto
Jadwigi Badowskiej-Muszyńskiej,Jeżyce
Jadwigi Łuszczewskiej,Jeżyce
Jadwigi Wajsówny,Grunwald
Jadwigi Żylińskiej,Jeżyce
Jagodowa,Nowe Miasto
Jakuba Krauthofera,Grunwald
Jałowcowa,Wilda
Jana Baptysty Quadro,Stare Miasto
Jana Brzechwy,Grunwald
Jana Czekanowskiego,Nowe Miasto
Jana Czochralskiego,Nowe Miasto
Jana Długosza,Jeżyce
Jana Gorczyczewskiego,Jeżyce
Jana Grochmalickiego,Stare Miasto
Jana Henryka Dąbrowskiego,Jeżyce
Jana Karskiego,Jeżyce
Jana Kasprowicza,Jeżyce
Jana Kassyusza,Jeżyce
Jana Keplera,Grunwald
Jana Kilińskiego,Wilda
Jana Kochanowskiego,Jeżyce
Jana Koźmiana,Jeżyce
Jana Lubrańskiego,Nowe Miasto
Jana Ludygi-Laskowskiego,Wilda
Jana Maklakiewicza,Grunwald
Jana Matejki,Grunwald
Jana Nagórskiego,Jeżyce
Jana Ostroroga,Grunwald
Jana Parandowskiego,Jeżyce
Jana Pawła II,Nowe Miasto
Jana Piekałkiewicza,Stare Miasto
Jana Pietrusińskiego,Wilda
Jana Rakowicza,Jeżyce
Jana Rodowicza,Jeżyce
Jana Rymarkiewicza,Stare Miasto
Jana Skrzetuskiego,Grunwald
Jana Sokołowskiego,Stare Miasto
Jana Spychalskiego,Wilda
Jana Sztaudyngera,Grunwald
Jana Wiencka,Jeżyce
Jana Wojkiewicza,Wilda
Jana Żupańskiego,Wilda
Janikowska,Nowe Miasto
Janiny Dzierżykraj-Morawskiej,Jeżyce
Janiny i Jana Żniniewiczów,Jeżyce
Janiny Kwaśniewskiej,Jeżyce
Janiny Omańkowskiej,Jeżyce
Janiny Porazińskiej,Grunwald
Janisławy,Nowe Miasto
Janosika,Grunwald
Janowo,Stare Miasto
Janowska,Nowe Miasto
Janusza Korczaka,Wilda
Janusza Kulasa,Stare Miasto
Janusza Meissnera,Jeżyce
Janusza Szpotańskiego,Jeżyce
Janusza Zeylanda,Jeżyce
Jaraczewska,Wilda
Jarmużowa,Nowe Miasto
Jarocińska,Jeżyce
Jarogniewa Drwęskiego,Jeżyce
Jaromińska,Nowe Miasto
Jaromira,Nowe Miasto
Jarosława Iwaszkiewicza,Jeżyce
Jarosława Maciejewskiego,Stare Miasto
Jarosława Ziętary,Grunwald
Jarosławska,Nowe Miasto
Jarowa,Stare Miasto
Jarzębowa,Wilda
Jasielska,Jeżyce
Jaskiniowa,Grunwald
Jaskółcza,Stare Miasto
Jaśminowa,Wilda
Jasna,Grunwald
Jasna Rola,Stare Miasto
Jasne Błonie,Stare Miasto
Jaspisowa,Stare Miasto
Jastarnicka,Jeżyce
Jastrowska,Jeżyce
Jastrzębia,Nowe Miasto
Jawornicka,Grunwald
Jaworowa,Wilda
Jęczmienna,Stare Miasto
Jedlicka,Nowe Miasto
Jędrzejowska,Nowe Miasto
Jeleniogórska,Grunwald
Jelitkowska,Jeżyce
Jemiołowa,Stare Miasto
Jerzego Bajana,Jeżyce
Jerzego Jurandota,Jeżyce
Jerzego Różyckiego,Wilda
Jerzego Suszki,Stare Miasto
Jesienna,Grunwald
Jesionowa,Wilda
Jeziorańska,Jeżyce
Jeżycka,Jeżyce
Jeżynowa,Nowe Miasto
Joachima Lelewela,Wilda
Jodłowa,Wilda
Johanna Wolfganga Goethego,Jeżyce
Józefa Burszty,Wilda
Józefa Chełmońskiego,Grunwald
Józefa Chociszewskiego,Grunwald
Józefa Dowbora-Muśnickiego,Stare Miasto
Józefa Edwarda Grobelnego,Grunwald
Józefa Garczyńskiego,Wilda
Józefa Hallera,Grunwald
Józefa Janiszewskiego,Wilda
Józefa Kościelskiego,Jeżyce
Józefa Kostrzewskiego,Stare Miasto
Józefa Kraszewskiego,Jeżyce
Józefa Łęgowskiego,Jeżyce
Józefa Łukaszewicza,Grunwald
Józefa Paczoskiego,Stare Miasto
Józefa Piłsudskiego,Nowe Miasto
Józefa Przybylskiego,Wilda
Józefa Rivolego,Jeżyce
Józefa Rogalińskiego,Grunwald
Józefa Rymera,Wilda
Józefa Sowińskiego,Grunwald
Józefa Strusia,Grunwald
Józefa Węglarza,Nowe Miasto
Józefa Wrońskiego,Grunwald
Józefa Wybickiego,Wilda
Józefa Żymierskiego,Jeżyce
Józwy Butryma,Grunwald
Jugosłowiańska,Grunwald
Juliana Niemcewicza,Jeżyce
Juliana Tuwima,Grunwald
Julii i Antoniego Wojkowskich,Jeżyce
Juliusza Kossaka,Grunwald
Juliusza Osterwy,Grunwald
Juliusza Słowackiego,Jeżyce
Junacka,Grunwald
Junikowska,Grunwald
Juracka,Nowe Miasto
Juranda,Stare Miasto
Juraszów,Jeżyce
Jutrosińska,Grunwald
Jutrzenka,Grunwald
Juwenalisa,Jeżyce
Kabaczkowa,Nowe Miasto
Kącik,Grunwald
Kacza,Grunwald
Kaczeńcowa,Grunwald
Kadecka,Grunwald
Kajakowa,Jeżyce
Kalinowa,Wilda
Kaliowa,Grunwald
Kaliska,Nowe Miasto
Kamienicka,Grunwald
Kamienna,Wilda
Kamiennogórska,Grunwald
Kamieńska,Nowe Miasto
Kanałowa,Grunwald
Kanclerska,Grunwald
Kąpielowa,Jeżyce
Kapitańska,Jeżyce
Kaprala Wojtka,Nowe Miasto
Karawelowa,Jeżyce
Karbowska,Stare Miasto
Kargowska,Grunwald
Karkonoska,Jeżyce
Karlińska,Jeżyce
Karmelicka,Stare Miasto
Karmelowa,Stare Miasto
Karola Buczka,Wilda
Karola Bunscha,Jeżyce
Karola Dickensa,Jeżyce
Karola Irzykowskiego,Jeżyce
Karola Kurpińskiego,Stare Miasto
Karola Libelta,Stare Miasto
Karola Szymanowskiego,Stare Miasto
Karpacka,Jeżyce
Karpia,Stare Miasto
Karpicka,Grunwald
Karsińska,Jeżyce
Kartuska,Jeżyce
Karwieńska,Jeżyce
Kaspra Drużbickiego,Stare Miasto
Kastylijska,Stare Miasto
Kasztanowa,Wilda
Kasztelańska,Grunwald
Kaszubska,Jeżyce
Katalońska,Stare Miasto
Katowicka,Nowe Miasto
Kazimiery Iłłakowiczówny,Grunwald
Kazimierza Ajdukiewicza,Stare Miasto
Kazimierza Brandysa,Jeżyce
Kazimierza Brossa,Grunwald
Kazimierza Drewnowskiego,Nowe Miasto
Kazimierza Jarochowskiego,Grunwald
Kazimierza Kantaka,Stare Miasto
Kazimierza Mielęckiego,Wilda
Kazimierza Nieżychowskiego,Jeżyce
Kazimierza Pułaskiego,Jeżyce
Kazimierza Pułaskiego,Stare Miasto
Kazimierza Pużaka,Wilda
Kazimierza Spornego,Stare Miasto
Kazimierza Szałasa,Jeżyce
Kazimierza Tymienieckiego,Stare Miasto
Kazimierza Wielkiego,Stare Miasto
Kazimierza Wierzyńskiego,Jeżyce
Kcyńska,Nowe Miasto
Kępa,Nowe Miasto
Kępińska,Wilda
Ketlinga,Grunwald
Kielecka,Nowe Miasto
Kiemliczów,Grunwald
Kierska,Jeżyce
Kirchholmska,Grunwald
Klasztorna,Stare Miasto
Klaudyny Potockiej,Grunwald
Kłecka,Nowe Miasto
Klemensa Janickiego,Jeżyce
Klementyny Hoffmanowej,Jeżyce
Klenowska,Nowe Miasto
Klimontowska,Nowe Miasto
Klin,Jeżyce
Klinkierowa,Grunwald
Klonowa,Wilda
Kłońska,Nowe Miasto
Kłosowa,Stare Miasto
Kluczborska,Wilda
Kłuszyńska,Grunwald
Kmicica,Grunwald
Kmieca,Stare Miasto
Kminkowa,Stare Miasto
Knyszyn,Stare Miasto
Kobylepole,Nowe Miasto
Kobylińska,Wilda
Kocankowa,Stare Miasto
Kociewska,Jeżyce
Kokosowa,Stare Miasto
Kolbuszowska,Nowe Miasto
Kolejowa,Grunwald
Kołobrzeska,Jeżyce
Kołodzieja,Nowe Miasto
Kolorowa,Grunwald
Kolska,Nowe Miasto
Komandoria,Nowe Miasto
Komandorska,Jeżyce
Komornicka,Grunwald
Konarowa,Wilda
Konarzewska,Grunwald
Kondratija Rylejewa,Stare Miasto
Konfederacka,Grunwald
Konińska,Nowe Miasto
Konopna,Stare Miasto
Konstancji Łubieńskiej,Grunwald
Konstantego Hrynakowskiego,Grunwald
Konstantego Ildefonsa Gałczyńskiego,Grunwald
Konstantego Skąpskiego,Jeżyce
Konstantego Troczyńskiego,Stare Miasto
Konwaliowa,Wilda
Kopanina,Grunwald
Kopciuszka,Grunwald
Kopcowa,Stare Miasto
Koprowa,Stare Miasto
Koprzywnicka,Nowe Miasto
Kopylnik,Nowe Miasto
Koralowa,Nowe Miasto
Korbielowska,Nowe Miasto
Korczyńska,Nowe Miasto
Kormorana,Nowe Miasto
Kornela Makuszyńskiego,Grunwald
Kórnicka,Nowe Miasto
Koronkarska,Nowe Miasto
Koronna,Jeżyce
Koronowska,Nowe Miasto
Korwetowa,Jeżyce
Korzenna,Wilda
Kościańska,Grunwald
Kościelna,Jeżyce
Kościerzyńska,Jeżyce
Kosiarzy,Nowe Miasto
Kosowska,Jeżyce
Kostrzyńska,Nowe Miasto
Kosynierska,Grunwald
Koszalińska,Jeżyce
Kotlarska,Nowe Miasto
Kotlińska,Wilda
Kotowo,Grunwald
Kowalewicka,Grunwald
Kowalska,Jeżyce
Kowarska,Jeżyce
Kozia,Stare Miasto
Kozienicka,Nowe Miasto
Koziorożca,Nowe Miasto
Koźmińska,Wilda
Kożuchowska,Wilda
kpt. Kazimierza Spornego,Stare Miasto
Krajenecka,Jeżyce
Krakowiaków i Górali,Stare Miasto
Krakowska,Stare Miasto
Kramarska,Stare Miasto
Krańcowa,Nowe Miasto
Krapkowicka,Grunwald
Kraśnicka,Nowe Miasto
Krasnoludków,Grunwald
Kresowa,Stare Miasto
Krobska,Grunwald
Krokusowa,Grunwald
Królewny Śnieżki,Grunwald
Królewska,Stare Miasto
Królowej Jadwigi,Stare Miasto
Królowej Jadwigi,Wilda
Krośnieńska,Grunwald
Krośniewicka,Nowe Miasto
Krótka,Nowe Miasto
Krotoszyńska,Nowe Miasto
Krucza,Nowe Miasto
Kruszwicka,Nowe Miasto
Krwawnikowa,Stare Miasto
Krynicka,Jeżyce
Kryształowa,Stare Miasto
Krywiczańska,Stare Miasto
Krzemieniowa,Stare Miasto
Krzepicka,Grunwald
Krzesiny,Nowe Miasto
Krzeszowicka,Grunwald
Krzysztofa Arciszewskiego,Grunwald
Krzysztofa Kamila Baczyńskiego,Grunwald
Krzysztofa Żegockiego,Stare Miasto
Krzywa,Grunwald
Krzywińska,Grunwald
Krzyżowa,Wilda
Krzyżówki,Nowe Miasto
ks. Bolesława Sulka,Nowe Miasto
ks. Edwarda Nawrota,Jeżyce
ks. Ignacego Posadzego,Nowe Miasto
ks. Jakuba Wujka,Wilda
ks. Jana Twardowskiego,Jeżyce
ks. Kazimierza Waseli,Wilda
ks. Stanisława Brzóski,Wilda
ks. Zdzisława Bernata,Nowe Miasto
ks.Tomasza Maćkowiaka,Grunwald
Ksawerego Zakrzewskiego,Stare Miasto
Książęca,Nowe Miasto
Księcia Józefa,Stare Miasto
Księcia Mieszka I,Stare Miasto
Księżycowa,Grunwald
Ku Cytadeli,Stare Miasto
Ku Dębinie,Wilda
Kudowska,Jeżyce
Kujawska,Jeżyce
Kukułcza,Nowe Miasto
Kupały,Stare Miasto
Kurlandzka,Nowe Miasto
Kurpiowska,Jeżyce
Kurzanoga,Stare Miasto
Kutnowska,Nowe Miasto
Kuźnicza,Grunwald
Kwarcowa,Stare Miasto
Kwiatowa,Stare Miasto
Kwidzyńska,Jeżyce
Kwiryny,Nowe Miasto
Łabędzia,Nowe Miasto
Łabiszyńska,Nowe Miasto
Lachowicka,Nowe Miasto
Łacina,Nowe Miasto
Lądecka,Jeżyce
Łady,Jeżyce
Łagiewnicka,Jeżyce
Łagodna,Stare Miasto
Łagowska,Jeżyce
Łąkowa,Stare Miasto
Łanowa,Wilda
Laskowa,Wilda
Latawcowa,Jeżyce
Laudańska,Grunwald
Laurowa,Stare Miasto
Lawendowa,Grunwald
Ławica,Grunwald
Łazienna,Stare Miasto
Lazurowa,Jeżyce
Lebiodowa,Stare Miasto
Lęborska,Jeżyce
Łebska,Jeżyce
Lechicka,Jeżyce
Lechicka,Stare Miasto
Łęczycka,Nowe Miasto
Lednicka,Jeżyce
Łęgi Dębińskie,Wilda
Legnicka,Grunwald
Lemierzycka,Jeżyce
Leona Prauzińskiego,Jeżyce
Leona Przyłuskiego,Stare Miasto
Leopolda Okulickiego,Wilda
Leopolda Staffa,Grunwald
Leopolda Tyrmanda,Jeżyce
Leska,Nowe Miasto
Leśna,Nowe Miasto
Leśników,Nowe Miasto
Leśnowolska,Jeżyce
Leśnych Skrzatów,Grunwald
Leszczyńska,Grunwald
Leszczyńska,Wilda
Leszka,Nowe Miasto
Leszka Proroka,Jeżyce
Letnia,Nowe Miasto
Letniskowa,Jeżyce
Lewkoniowa,Grunwald
Leżajska,Nowe Miasto
Lidzbarska,Jeżyce
Lidzka,Nowe Miasto
Liliowa,Jeżyce
Limanowska,Jeżyce
Lipnicka,Nowe Miasto
Lipowa,Wilda
Liryczna,Jeżyce
Lisa Witalisa,Grunwald
Lisia,Nowe Miasto
Listopadowa,Grunwald
Literacka,Jeżyce
Litewska,Jeżyce
Łobeska,Grunwald
Łobżenicka,Jeżyce
Lodowa,Grunwald
Łódzka,Jeżyce
Łomnicka,Jeżyce
Łomżyńska,Nowe Miasto
Longinusa Podbipięty,Grunwald
Łopawska,Nowe Miasto
Łopianowa,Stare Miasto
Łosiowa,Nowe Miasto
Lotaryńska,Stare Miasto
Łotewska,Stare Miasto
Lotnicza,Jeżyce
Lotników 302. Dywizjonu Poznańskiego,Wilda
Lotosowa,Grunwald
Łowicka,Nowe Miasto
Łozowa,Wilda
Luba,Jeżyce
Lubartowska,Nowe Miasto
Lubczykowa,Stare Miasto
Lubelska,Nowe Miasto
Lubiatowska,Jeżyce
Lubieńska,Jeżyce
Łubinowa,Grunwald
Lubniewicka,Grunwald
Lubomierska,Jeżyce
Lubońska,Wilda
Lubosińska,Jeżyce
Lubowska,Jeżyce
Lubuszańska,Nowe Miasto
Lucjana Ballenstedta,Stare Miasto
Łucji Danielewskiej,Jeżyce
Lucyny Sieciechowiczowej,Jeżyce
Łuczanowska,Stare Miasto
Łuczkowska,Nowe Miasto
Łucznicza,Nowe Miasto
Ludgardy,Stare Miasto
Ludmiły,Nowe Miasto
Ludosławy,Nowe Miasto
Ludwika Braille'a,Stare Miasto
Ludwika Idzikowskiego,Jeżyce
Ludwika Krzywickiego,Wilda
Ludwika Solskiego,Grunwald
Ludwika Zamenhofa,Nowe Miasto
Ludwiki Dobrzyńskiej-Rybickiej,Jeżyce
Ługańska,Nowe Miasto
Lukrecjusza,Jeżyce
Łupowska,Jeżyce
Lutycka,Jeżyce
Łużycka,Stare Miasto
Lwa,Nowe Miasto
Lwa Tołstoja,Jeżyce
Lwówecka,Grunwald
Lwowska,Nowe Miasto
Łyski,Nowe Miasto
Łysogórska,Nowe Miasto
Łysy Młyn,Stare Miasto
Macieja Palacza,Grunwald
Macieja Rataja,Stare Miasto
Maciejkowa,Grunwald
Macierzankowa,Grunwald
Mączna,Jeżyce
Madziarska,Stare Miasto
Magazynowa,Wilda
Magnacka,Stare Miasto
Magnoliowa,Grunwald
Majerankowa,Stare Miasto
Majowa,Jeżyce
Makoszowska,Nowe Miasto
Maków Polnych,Stare Miasto
Makowa,Wilda
Makowej Panienki,Grunwald
Maksymiliana Garsteckiego,Stare Miasto
Maksymiliana Jackowskiego,Jeżyce
Mała,Grunwald
Malachitowa,Stare Miasto
Malborska,Jeżyce
Małe Garbary,Stare Miasto
Malechowska,Grunwald
Malinowa,Wilda
Małopolska,Jeżyce
Małoszyńska,Grunwald
Maltańska,Nowe Miasto
Malwowa,Grunwald
Mandarynkowa,Stare Miasto
Maratońska,Wilda
Marcelego Mottego,Grunwald
Marcelin Fort VII,Grunwald
Marcelińska,Grunwald
Marcina Kasprzaka,Grunwald
Marcina Rożka,Jeżyce
Margaretkowa,Grunwald
Margonińska,Jeżyce
Mariacka,Nowe Miasto
Mariampolska,Stare Miasto
Mariana Jaroczyńskiego,Stare Miasto
Mariana Langiewicza,Wilda
Mariana Rejewskiego,Wilda
Mariana Smoluchowskiego,Grunwald
Marii Aleksandrowicz,Nowe Miasto
Marii Bohuszewiczówny,Wilda
Marii Dulębianki,Jeżyce
Marii i Celestyna Rydlewskich,Jeżyce
Marii Konopnickiej,Grunwald
Marii Kuncewiczowej,Jeżyce
Marii Lange,Grunwald
Marii Pawlikowskiej-Jasnorzewskiej,Jeżyce
Marii Rodziewiczówny,Jeżyce
Marii Swiniarskiej,Jeżyce
Marii Szembekowej,Jeżyce
Marii Szmytówny,Grunwald
Marii Wicherkiewicz,Jeżyce
Marka Hłaski,Jeżyce
Marklowicka,Nowe Miasto
Marszałkowska,Grunwald
Marynarska,Jeżyce
Marzanny,Stare Miasto
Maszewska,Jeżyce
Masztalarska,Stare Miasto
Masztowa,Nowe Miasto
Maszynowa,Grunwald
Mazowiecka,Jeżyce
Mazurska,Jeżyce
Melchiora Wańkowicza,Jeżyce
Meliorantów,Jeżyce
Melisowa,Stare Miasto
Metalowa,Grunwald
Meteorytowa,Stare Miasto
Mewy,Nowe Miasto
Mgielna,Grunwald
Miastkowska,Grunwald
Michaiła Bułhakowa,Jeżyce
Michaiła Lermontowa,Jeżyce
Michała Bałuckiego,Jeżyce
Michała Barzyńskiego,Jeżyce
Michała Drzymały,Jeżyce
Michała Kajki,Jeżyce
Michała Ossowskiego,Wilda
Michała Sobeskiego,Jeżyce
Michała Tokarzewskiego,Stare Miasto
Michała Wołodyjowskiego,Grunwald
Michaliny Stefanowskiej,Grunwald
Michałowo,Nowe Miasto
Michałowska,Jeżyce
Miechowska,Nowe Miasto
Miecznikowska,Grunwald
Mieczykowa,Grunwald
Mieczysława Jastruna,Jeżyce
Mieczysława Niedziałkowskiego,Wilda
Mieczysława Palucha,Jeżyce
Mieczysława Rawicz-Mysłowskiego,Jeżyce
Miedziana,Grunwald
Międzyborska,Grunwald
Międzychodzka,Grunwald
Międzyleska,Jeżyce
Międzyzdrojska,Jeżyce
Mielecka,Nowe Miasto
Mieleszyńska,Grunwald
Mieszkowska,Nowe Miasto
Miętowa,Stare Miasto
Migdałowa,Stare Miasto
Mikołaja Dobrzyckiego,Stare Miasto
Mikołaja Kopernika,Stare Miasto
Mikołaja Reja,Jeżyce
Mikołaja Rudnickiego,Stare Miasto
Mikołajecka,Jeżyce
Mikołowska,Grunwald
Mikstacka,Grunwald
Miła,Jeżyce
Milczańska,Nowe Miasto
Milicka,Wilda
Miłosławska,Nowe Miasto
Miłowita,Nowe Miasto
Minikowo,Nowe Miasto
Mińska,Nowe Miasto
Miodowa,Jeżyce
Mirabelkowa,Nowe Miasto
Mirosławiecka,Grunwald
Mirosławy,Nowe Miasto
Mirtowa,Stare Miasto
Misia Uszatka,Grunwald
Miśnieńska,Grunwald
Mławska,Jeżyce
Mleczowa,Stare Miasto
Młyńska,Stare Miasto
Modlińska,Nowe Miasto
Modra,Grunwald
Modrakowa,Wilda
Modrzewiowa,Wilda
Mogileńska,Nowe Miasto
Mokra,Stare Miasto
Mołdawska,Stare Miasto
Moliera,Jeżyce
Moniki Cegłowskiej,Jeżyce
Moniki Gruchmanowej,Jeżyce
Morasko,Stare Miasto
Morawska,Stare Miasto
Morelowa,Wilda
Morenowa,Stare Miasto
Morska,Jeżyce
Morszyńska,Jeżyce
Morwowa,Nowe Miasto
Moryńska,Grunwald
Morzyczańska,Nowe Miasto
Mostowa,Stare Miasto
Mrągowska,Grunwald
Mrowińska,Jeżyce
Mroźna,Stare Miasto
Mrzeżyńska,Jeżyce
Mścibora,Nowe Miasto
Murawa,Stare Miasto
Murna,Stare Miasto
Muszkowska,Jeżyce
Muszyńska,Jeżyce
Mylna,Jeżyce
Myśliborska,Jeżyce
Myśliwska,Grunwald
Mysłowicka,Nowe Miasto
Na Dołku,Nowe Miasto
Na Miasteczku,Nowe Miasto
Na Podgórniku,Stare Miasto
Na Skarpie,Nowe Miasto
Na Stoku,Stare Miasto
Na Szańcach,Stare Miasto
Na Uboczu,Wilda
Nad Bogdanką,Jeżyce
Nad Jeziorem,Jeżyce
Nad Krzesinką,Nowe Miasto
Nad Łężynką,Nowe Miasto
Nad Miedzą,Jeżyce
Nad Pokrzywką,Nowe Miasto
Nad Potokiem,Jeżyce
Nad Przeźmierką,Jeżyce
Nad Różanym Potokiem,Stare Miasto
Nad Seganką,Jeżyce
Nad Spławką,Nowe Miasto
Nad Starynką,Nowe Miasto
Nad Wierzbakiem,Jeżyce
Nadbrzeże,Stare Miasto
Nadolnik,Nowe Miasto
Nadwarciańska,Stare Miasto
Nagietkowa,Grunwald
Nagłowicka,Nowe Miasto
Nakielska,Nowe Miasto
Nałęczowska,Jeżyce
Namysłowska,Grunwald
Napoleońska,Stare Miasto
Naramowicka,Stare Miasto
Narcyzowa,Grunwald
Narcyzy Żmichowskiej,Jeżyce
Narewska,Jeżyce
Nasienna,Stare Miasto
Nasturcjowa,Grunwald
Nawigacyjna,Jeżyce
Nefrytowa,Stare Miasto
Nektarynkowa,Nowe Miasto
Nidziańska,Jeżyce
Niebieska,Jeżyce
Niecała,Grunwald
Niemeńska,Jeżyce
Niepołomicka,Jeżyce
Niestachowska,Jeżyce
Nieszawska,Nowe Miasto
Niezłomnych,Stare Miasto
Nikodema Pajzderskiego,Jeżyce
Nikołaja Gogola,Jeżyce
Niska,Jeżyce
Niżańska,Nowe Miasto
Normandzka,Stare Miasto
Nostrzykowa,Stare Miasto
Notecka,Jeżyce
Nowe Zagórze,Nowe Miasto
Nowina,Jeżyce
Nowogrodzka,Nowe Miasto
Nowokramska,Jeżyce
Nowosądecka,Nowe Miasto
Nowosolska,Grunwald
Nowotarska,Nowe Miasto
Nowotomyska,Grunwald
Nowy Świat,Jeżyce
Nuny i Bolesława Szczurkiewiczów,Grunwald
o. Honoriusza Kowalczyka,Stare Miasto
o. Mariana Żelazka,Wilda
Obodrzycka,Nowe Miasto
Obornicka,Jeżyce
Obornicka,Stare Miasto
Obozowa,Grunwald
Obrońców Tobruku,Stare Miasto
Obronna,Grunwald
Obrzańska,Grunwald
Obrzeże,Grunwald
Obrzyca,Nowe Miasto
Obrzycka,Nowe Miasto
Ochota,Nowe Miasto
Odległa,Grunwald
Odolanowska,Grunwald
Odrzycka,Grunwald
Ognik,Grunwald
Ogórkowa,Nowe Miasto
Ogrodowa,Stare Miasto
Ojcowska,Nowe Miasto
Okolewo,Stare Miasto
Okólna,Nowe Miasto
Okonecka,Grunwald
Okopowa,Nowe Miasto
Okrętowa,Jeżyce
Oławska,Grunwald
Olchowa,Wilda
Olecka,Jeżyce
Oleńki Billewiczówny,Grunwald
Oleśnicka,Grunwald
Oleszycka,Nowe Miasto
Olgi Sawickiej,Jeżyce
Olgi Sławskiej-Lipczyńskiej,Jeżyce
Olimpijska,Wilda
Oliwkowa,Nowe Miasto
Oliwska,Jeżyce
Olkuska,Nowe Miasto
Olsztyńska,Jeżyce
Olszynka,Grunwald
Olzańska,Jeżyce
Onufrego Kopczyńskiego,Stare Miasto
Onufrego Zagłoby,Grunwald
Opalenicka,Grunwald
Opalowa,Stare Miasto
Opatowska,Nowe Miasto
Opawska,Grunwald
Opłotki,Grunwald
Opoczyńska,Nowe Miasto
Opolska,Wilda
Orężna,Grunwald
Orla,Nowe Miasto
Orląt,Nowe Miasto
Orłowska,Jeżyce
Orna,Stare Miasto
Ornecka,Jeżyce
Orszańska,Grunwald
Orzechowa,Wilda
Os. Armii Krajowej,Nowe Miasto
Os. Bajkowe,Grunwald
Os. Bohaterów II Wojny Światowej,Nowe Miasto
Os. Bolesława Chrobrego,Stare Miasto
Os. Bolesława Śmiałego,Stare Miasto
Os. Czecha,Nowe Miasto
Os. Dębina,Wilda
Os. Hetmańskie,Grunwald
Os. Jagiellońskie,Nowe Miasto
Os. Jana III Sobieskiego,Stare Miasto
Os. Kosmonautów,Stare Miasto
Os. ks. Jerzego Popiełuszki,Grunwald
Os. Lecha,Nowe Miasto
Os. Lotnictwa Polskiego,Jeżyce
Os. Lotników Wielkopolskich,Jeżyce
Os. Marysieńki,Stare Miasto
Os. Mikołaja Kopernika,Grunwald
Os. Na Murawie,Stare Miasto
Os. Orła Białego,Nowe Miasto
Os. Oświecenia,Nowe Miasto
Os. Piastowskie,Nowe Miasto
Os. Pod Lipami,Stare Miasto
Os. Polan,Nowe Miasto
Os. Powstań Narodowych,Nowe Miasto
Os. Powstańców Śląskich,Wilda
Os. Powstańców Warszawy,Stare Miasto
Os. Przemysława,Nowe Miasto
Os. Przyjaźni,Stare Miasto
Os. Rusa,Nowe Miasto
Os. Rzeczypospolitej,Nowe Miasto
Os. Słowiańskie,Jeżyce
Os. Stare Żegrze,Nowe Miasto
Os. Stefana Batorego,Stare Miasto
Os. Tysiąclecia,Nowe Miasto
Os. Warszawskie,Nowe Miasto
Os. Wichrowe Wzgórze,Stare Miasto
Os. Winiary,Jeżyce
Os. Władysława Jagiełły,Stare Miasto
Os. Władysława Łokietka,Stare Miasto
Os. Zodiak,Nowe Miasto
Os. Zwycięstwa,Stare Miasto
Os. Zygmunta Starego,Stare Miasto
Osiecka,Grunwald
Osinowa,Wilda
Oskara Kolberga,Wilda
Oskierki,Grunwald
Ostatnia,Grunwald
Ostrobramska,Grunwald
Ostródzka,Jeżyce
Ostrołęcka,Jeżyce
Ostrów Tumski,Nowe Miasto
Ostrówek,Nowe Miasto
Ostrowska,Nowe Miasto
Ostrzeszowska,Grunwald
Oświęcimska,Nowe Miasto
Otwarta,Grunwald
Otwocka,Nowe Miasto
Owcza,Grunwald
Owczarska,Jeżyce
Owidiusza,Jeżyce
Ownicka,Jeżyce
Owocowa,Nowe Miasto
Owsiana,Stare Miasto
Ożarowska,Nowe Miasto
Ozimina,Stare Miasto
Pabianicka,Nowe Miasto
Paczkowska,Grunwald
Pagórkowa,Grunwald
Pałucka,Jeżyce
Pamiątkowa,Wilda
Pana Kleksa,Grunwald
Pana Twardowskiego,Grunwald
Panny,Nowe Miasto
Panny Marii,Nowe Miasto
Papuszy,Jeżyce
park Adama Mickiewicza,Jeżyce
park Adama Wodziczki,Jeżyce
park Alberta Camusa,Jeżyce
park Bambrów Poznańskich,Wilda
park Cytadela,Stare Miasto
park Forteczny,Nowe Miasto
park Fryderyka Chopina,Stare Miasto
park gen. Henryka Dąbrowskiego,Stare Miasto
park Górczyński,Grunwald
park Gustawa Manitiusa,Grunwald
park im. Jana Pawła II,Wilda
park im. Karola Kurpińskiego,Nowe Miasto
park Jana Kasprowicza,Grunwald
park Jarogniewa i Izabeli Drwęskich,Wilda
park Jurija Gagarina,Stare Miasto
park Karola Marcinkowskiego,Stare Miasto
park Kosynierów,Stare Miasto
park ks. Feliksa Michalskiego,Grunwald
park ks. Józefa Jasińskiego,Grunwald
park ks. Tadeusza Kirschke,Nowe Miasto
park Kultury i Wypoczynku,Wilda
park Ogród Zamkowy im. Ofiar Katynia i Sybiru,Stare Miasto
park Park Henryka Wieniawskiego,Stare Miasto
park park Pawła Edmunda Strzeleckiego,Nowe Miasto
park park Romana Maciejewskiego,Stare Miasto
park park Stanisława Moniuszki,Stare Miasto
park Sołacki,Jeżyce
park Stare Koryto Warty,Nowe Miasto
park Stare Koryto Warty,Stare Miasto
park Szelągowski,Stare Miasto
park T. W. Wilsona,Grunwald
park Tadeusza Mazowieckiego,Stare Miasto
park Traszki Ratajskie,Nowe Miasto
park Tysiąclecia,Nowe Miasto
park Wielkopolski Park Zoologiczny,Nowe Miasto
park Władysława Czarneckiego,Stare Miasto
park Wojciecha Wróża,Grunwald
Parkowa,Grunwald
Partyzancka,Wilda
Pasieka,Stare Miasto
Pasłęcka,Jeżyce
Pastelowa,Grunwald
Pasterska,Stare Miasto
Pastewna,Nowe Miasto
Patrice Lumumby,Wilda
Pawia,Nowe Miasto
Pawła Cymsa,Wilda
Pawła Strzeleckiego,Nowe Miasto
Pawła Włodkowica,Grunwald
Pawła Zołotowa,Jeżyce
Pawłowicka,Jeżyce
Pelplińska,Jeżyce
Perkoza,Nowe Miasto
Perkuna,Stare Miasto
Perłowa,Stare Miasto
Perłowska,Grunwald
Perzycka,Grunwald
Petera Mansfelda,Jeżyce
Petuniowa,Grunwald
Piargowa,Grunwald
Piaskowa,Stare Miasto
Piaśnicka,Nowe Miasto
Piastowska,Wilda
Piątkowska,Jeżyce
Piątkowska,Stare Miasto
Piekary,Stare Miasto
Piękna,Jeżyce
Pierwiosnkowa,Grunwald
Pietruszkowa,Nowe Miasto
Piławska,Jeżyce
Pilicka,Jeżyce
Pilotów,Jeżyce
Pilska,Nowe Miasto
Pińczowska,Nowe Miasto
Piołunowa,Stare Miasto
Pionierska,Wilda
Piotra Ściegiennego,Grunwald
Piotra Skargi,Grunwald
Piotra Tomickiego,Nowe Miasto
Piotra Wawrzyniaka,Jeżyce
Piotra Wysockiego,Grunwald
Piotrowo,Nowe Miasto
Piotrowska,Nowe Miasto
Piwna,Nowe Miasto
Piwoniowa,Grunwald
pl. Adama Asnyka,Jeżyce
pl. Adama Mickiewicza,Stare Miasto
"pl. Armii ""Poznań""",Wilda
pl. Bernardyński,Stare Miasto
pl. Cyryla Ratajskiego,Stare Miasto
pl. Kazimierza Nowakowskiego,Grunwald
pl. Kolegiacki,Stare Miasto
pl. Lipowy,Wilda
pl. Ludwika Waryńskiego,Jeżyce
pl. Marii Skłodowskiej-Curie,Wilda
pl. Międzymoście,Stare Miasto
pl. Niepodległości,Stare Miasto
pl. Orawski,Jeżyce
pl. Plac Pomorski,Jeżyce
pl. Przemysława Bystrzyckiego,Jeżyce
pl. Reformatorów,Nowe Miasto
pl. Spiski,Jeżyce
pl. Stanisława Wyspiańskiego,Grunwald
pl. Stawny,Stare Miasto
pl. Stefana Stuligrosza,Stare Miasto
pl. Światowida,Grunwald
pl. Wielkopolski,Stare Miasto
pl. Wiktora Degi,Stare Miasto
pl. Wiosny Ludów,Stare Miasto
pl. Władysława Andersa,Stare Miasto
pl. Wolności,Stare Miasto
pl. Zbawiciela,Grunwald
Platanowa,Wilda
Plauta,Jeżyce
Plebańska,Jeżyce
Pleszewska,Nowe Miasto
Płocka,Nowe Miasto
Płomienna,Grunwald
Plonowa,Nowe Miasto
Płowiecka,Grunwald
Pniewska,Jeżyce
Pobiedziska,Nowe Miasto
Pobielska,Grunwald
Pochyła,Nowe Miasto
Podbiałowa,Stare Miasto
Podbórska,Nowe Miasto
Podchorążych,Grunwald
Podgajska,Jeżyce
Podgórna,Stare Miasto
Podgórze,Stare Miasto
Podhalańska,Jeżyce
Podjaryszki,Nowe Miasto
Podjazdowa,Jeżyce
Podkomorska,Grunwald
Podlaska,Jeżyce
Podleśna,Nowe Miasto
Podmiejska,Nowe Miasto
Podmokła,Wilda
Podolańska,Jeżyce
Podolska,Jeżyce
Podstolińska,Grunwald
Podwale,Nowe Miasto
Poetycka,Jeżyce
Pogodna,Grunwald
Pogorzelska,Grunwald
Pokrzywno,Nowe Miasto
Połabska,Stare Miasto
Polanicka,Jeżyce
Połaniecka,Nowe Miasto
Polanka,Nowe Miasto
Polanowska,Jeżyce
Polańska,Stare Miasto
Polarna,Stare Miasto
Połczyńska,Jeżyce
Poleska,Jeżyce
Poli Gojawiczyńskiej,Jeżyce
Policka,Grunwald
Poligonowa,Stare Miasto
Polna,Grunwald
Polna,Jeżyce
Północna,Stare Miasto
Polska,Jeżyce
Południowa,Wilda
Półwiejska,Stare Miasto
Pomarańczowa,Stare Miasto
Pomidorowa,Nowe Miasto
Pomorska,Jeżyce
Poniecka,Wilda
Popiela,Stare Miasto
Poplińskich,Wilda
Popradzka,Jeżyce
Poprzeczna,Nowe Miasto
Popularna,Nowe Miasto
por. Janiny Lewandowskiej,Stare Miasto
Poranek,Grunwald
Porannej Rosy,Stare Miasto
Poręba,Stare Miasto
Poronińska,Jeżyce
Portowa,Jeżyce
Porzeczkowa,Nowe Miasto
Postawska,Stare Miasto
Poświata,Grunwald
Powidzka,Nowe Miasto
Powojowa,Grunwald
Powozowa,Nowe Miasto
Powstańców Wielkopolskich,Stare Miasto
Pozdawnicka,Grunwald
Poziomkowa,Nowe Miasto
Poznańska,Jeżyce
Poznańskie Sady,Nowe Miasto
Prabucka,Jeżyce
Prądnicka,Jeżyce
Promienista,Grunwald
Promyk,Grunwald
Prośnicka,Grunwald
Prosta,Grunwald
Prowansalska,Stare Miasto
Prusimska,Jeżyce
Pruszkowska,Nowe Miasto
Prużańska,Nowe Miasto
Prymasa Augusta Hlonda,Nowe Miasto
Prymasa Stefana Wyszyńskiego,Nowe Miasto
Prząśniczki,Nowe Miasto
Przasnyska,Jeżyce
Przebiśniegowa,Grunwald
Przedborska,Nowe Miasto
Przedpole,Nowe Miasto
Przedwiośnia,Stare Miasto
Przełajowa,Stare Miasto
Przełęcz,Grunwald
Przełęcz,Wilda
Przełom,Wilda
Przelot,Jeżyce
Przemyska,Nowe Miasto
Przemysłowa,Wilda
Przepadek,Stare Miasto
Przepiórcza,Grunwald
Przeskok,Nowe Miasto
Przesmyk,Grunwald
Prześwit,Jeżyce
Przeworska,Nowe Miasto
Przy Autostradzie,Grunwald
Przy Dolinie,Wilda
Przy Lotnisku,Nowe Miasto
Przybrodzka,Jeżyce
Przygraniczna,Jeżyce
Przyjemna,Nowe Miasto
Przylaszczkowa,Grunwald
Przystań,Nowe Miasto
Przytoczna,Jeżyce
Przytulna,Nowe Miasto
Psarskie,Jeżyce
Pskowska,Stare Miasto
Pszczelna,Stare Miasto
Pszczyńska,Grunwald
Pszczyńska,Wilda
Pszenna,Stare Miasto
Ptasia,Grunwald
Ptaszkowska,Grunwald
Pucka,Jeżyce
Puławska,Nowe Miasto
Pułtuska,Nowe Miasto
Pusta,Nowe Miasto
Pustkowska,Nowe Miasto
Pyrzyczańska,Nowe Miasto
Rabczańska,Jeżyce
Raciborska,Jeżyce
Racjonalizatorów,Wilda
Racławicka,Grunwald
Radlińska,Jeżyce
Radłowa,Stare Miasto
Radojewo,Stare Miasto
Radomska,Nowe Miasto
Radosna,Jeżyce
Radowita,Nowe Miasto
Radyńska,Grunwald
Radziejowska,Nowe Miasto
Radziwoja,Nowe Miasto
Raka,Nowe Miasto
Rakietowa,Nowe Miasto
Rakoniewicka,Grunwald
Ranowska,Nowe Miasto
Raszkowska,Grunwald
Raszyńska,Grunwald
Rataje,Nowe Miasto
Ratuszowa,Stare Miasto
Rawicka,Grunwald
Rawicka,Wilda
Rdestowa,Stare Miasto
Reczeńska,Wilda
Redarowska,Nowe Miasto
Regatowa,Jeżyce
Reglowa,Grunwald
Reknicka,Nowe Miasto
Rekreacyjna,Jeżyce
Rembertowska,Grunwald
Retmańska,Jeżyce
Rewalska,Jeżyce
Rezedowa,Grunwald
Roberta Kocha,Wilda
Robocza,Wilda
Rocha Kowalskiego,Grunwald
Rodawska,Nowe Miasto
Rodzynkowa,Stare Miasto
Rogera Sławskiego,Stare Miasto
Rogowska,Nowe Miasto
Rogozińska,Jeżyce
Rojna,Grunwald
Rokietnicka,Grunwald
Rokity,Grunwald
Rolna,Wilda
Romana Abrahama,Stare Miasto
Romana Brandstaettera,Stare Miasto
Romana Dmowskiego,Grunwald
Romana Drewsa,Stare Miasto
Romana Konkiewicza,Jeżyce
Romana Kozaka,Wilda
Romana Maya,Nowe Miasto
Romana Pollaka,Stare Miasto
Romana Szymańskiego,Stare Miasto
Romana Wilkanowicza,Grunwald
Romka Strzałkowskiego,Jeżyce
Romualda Traugutta,Wilda
rondo Antoniego Wojewody,Grunwald
rondo Cichowiczów,Jeżyce
rondo Felicjana Sypniewskiego,Nowe Miasto
rondo Honorowych Dawców Krwi,Nowe Miasto
rondo Jana Nowaka-Jeziorańskiego,Grunwald
rondo Józefa Czapskiego,Jeżyce
rondo Kaponiera,Jeżyce
rondo Kaponiera,Stare Miasto
rondo Krzesiny,Nowe Miasto
rondo Krzysztofa Skubiszewskiego,Grunwald
rondo ks. Antoniego Sroki,Jeżyce
rondo Moraczewskich,Stare Miasto
rondo Obrońców Grodna,Nowe Miasto
rondo Poznańskich Ogrodników,Nowe Miasto
rondo Rataje,Nowe Miasto
rondo Solidarności,Stare Miasto
rondo Śródka,Nowe Miasto
rondo Starołęka,Nowe Miasto
rondo Świerczewo,Wilda
rondo Szczepankowo im. Mycielskich,Nowe Miasto
rondo Szczęśliwej Podróży,Wilda
rondo Wandy Błeńskiej,Stare Miasto
rondo Żegrze,Nowe Miasto
Ropczycka,Nowe Miasto
Roślinna,Nowe Miasto
Rosnowska,Grunwald
Równa,Nowe Miasto
Różana,Wilda
Różany Targ,Stare Miasto
Rozewska,Nowe Miasto
Rozmarynowa,Wilda
Roztocka,Grunwald
Rozwadowska,Nowe Miasto
Różyczkowa,Grunwald
Rubież,Stare Miasto
Rubinowa,Stare Miasto
Ruczajowa,Grunwald
Rudnicka,Nowe Miasto
Rudnicze,Grunwald
Rudolfa Weigla,Grunwald
Rudzka,Nowe Miasto
Rugijska,Nowe Miasto
Rumcajsa,Grunwald
Rumiankowa,Stare Miasto
Rumuńska,Grunwald
Ruska,Stare Miasto
Ryb,Nowe Miasto
Rybaki,Stare Miasto
Rybitwy,Nowe Miasto
Rybnicka,Grunwald
Rybojadzka,Jeżyce
Rycerska,Grunwald
Rydzowa,Nowe Miasto
Rydzyńska,Wilda
Rymanowska,Nowe Miasto
Rynarzewska,Grunwald
rynek Jeżycki,Jeżyce
rynek Łazarski,Grunwald
rynek Śródecki,Nowe Miasto
rynek Wildecki,Wilda
rynek Wschodni,Nowe Miasto
Rynkowa,Stare Miasto
Rypińska,Jeżyce
Rysia,Nowe Miasto
Ryszarda Berwińskiego,Grunwald
Rzeczańska,Nowe Miasto
Rzeczna,Nowe Miasto
Rzepińska,Grunwald
Rzeszowska,Jeżyce
Rzewieniowa,Stare Miasto
Rzodkiewkowa,Nowe Miasto
Sabiny,Nowe Miasto
Sadnicka,Grunwald
Sadowa,Stare Miasto
Safony,Jeżyce
Salicka,Nowe Miasto
Samotna,Wilda
Samuela Lindego,Jeżyce
Sanatoryjna,Jeżyce
Sandomierska,Nowe Miasto
Sanocka,Nowe Miasto
Santocka,Jeżyce
Saperska,Wilda
Sarbinowska,Nowe Miasto
Sarmacka,Stare Miasto
Sarnia,Nowe Miasto
Sasankowa,Grunwald
Sąsiedzka,Grunwald
Ścinawska,Grunwald
Sebastiana Klonowica,Grunwald
Sędziwoja,Nowe Miasto
Selizarowska,Stare Miasto
Senatorska,Grunwald
Seneki,Jeżyce
Sępia,Nowe Miasto
Sępoleńska,Jeżyce
Serafitek,Nowe Miasto
Serbska,Stare Miasto
Serdeczna,Nowe Miasto
Serwisowa,Grunwald
Seweryna Mielżyńskiego,Stare Miasto
Sianokosy,Nowe Miasto
Sianowska,Jeżyce
Siedliskowa,Nowe Miasto
Siedmiogrodzka,Stare Miasto
Sielankowa,Nowe Miasto
Sielawy,Stare Miasto
Sielska,Grunwald
Sieradzka,Grunwald
Sierakowska,Grunwald
Sieroca,Stare Miasto
Sierotki Marysi,Grunwald
Sierpowa,Nowe Miasto
Siewierska,Nowe Miasto
Siewna,Stare Miasto
Silniki,Nowe Miasto
Sióstr Misjonarek,Stare Miasto
Skalna,Grunwald
Skarszewska,Jeżyce
Skawińska,Nowe Miasto
Skibowa,Nowe Miasto
Składowa,Stare Miasto
Skoczowska,Nowe Miasto
Skorpiona,Nowe Miasto
Skórzewska,Grunwald
Skośna,Stare Miasto
Skotarska,Stare Miasto
Skowronkowa,Nowe Miasto
Skrajna,Grunwald
Skromna,Nowe Miasto
Skryta,Grunwald
Skrzydlata,Nowe Miasto
Skrzypowa,Stare Miasto
skwer 4 Czerwca 1989 r.,Nowe Miasto
skwer abpa Edwarda Likowskiego,Nowe Miasto
skwer Ady Rusowicz,Nowe Miasto
skwer Alojzego Andrzeja Łuczaka,Jeżyce
skwer Andrzeja Rzewuskiego,Stare Miasto
skwer Antoniny Kaweckiej,Stare Miasto
skwer Bogdana Jańskiego,Wilda
skwer Bohaterów Akcji Bollwerk,Stare Miasto
skwer Czesława Janickiego,Jeżyce
skwer Edwarda Fiszera,Jeżyce
skwer Eki z Małeki,Grunwald
skwer Ferdynanda Focha,Grunwald
skwer Filipiny i Konstancji Studzińskich,Stare Miasto
skwer Franciszka Rataja,Stare Miasto
skwer Gerarda Labudy,Grunwald
skwer Haliny Szwarc,Jeżyce
skwer Ignacego Łukasiewicza,Stare Miasto
skwer Ireny Bobowskiej,Jeżyce
skwer Ireny Sendlerowej,Stare Miasto
skwer Jana Stryczyńskiego,Grunwald
skwer Jana Suwarta,Stare Miasto
skwer Janusza Ziółkowskiego,Grunwald
skwer Jerzego Kurczewskiego,Wilda
skwer Jerzego Mielocha,Nowe Miasto
skwer Józefa Granatowicza,Jeżyce
skwer Józefa Przesławskiego,Stare Miasto
skwer Kazimierza Nowaka,Grunwald
skwer Klementyny Śliwińskiej,Wilda
skwer ks. mjra Rudolfa Marszałka,Stare Miasto
skwer Lecha Molewskiego,Grunwald
skwer Leona i Aleksandra Janta-Połczyńskich,Nowe Miasto
skwer Marii i Lecha Kaczyńskich,Stare Miasto
skwer Marii Paradowskiej,Jeżyce
skwer Marii Rataj,Wilda
skwer Marii Zamoyskiej,Grunwald
skwer Michała Tomiaka,Nowe Miasto
skwer Milana Kwiatkowskiego,Nowe Miasto
skwer Niezależnego Zrzeszenia Studentów,Stare Miasto
skwer o. Jana Góry,Stare Miasto
skwer Policji Państwowej II RP,Grunwald
skwer Poznańskiego Towarzystwa Przyjaciół Nauk,Stare Miasto
skwer Przyjaźni Polsko-Węgierskiej,Stare Miasto
skwer Rabina Akivy Egera,Stare Miasto
skwer Romana Ulatowskiego,Nowe Miasto
skwer Romana Wilhelmiego,Stare Miasto
skwer Ryszarda Kuklińskiego,Stare Miasto
skwer Skautów Powstańców Wielkopolskich,Stare Miasto
skwer Sprawiedliwych Wśród Narodów Świata,Wilda
skwer Stanisława Bręczewskiego,Jeżyce
skwer Stanisława Jarzembowskiego,Stare Miasto
skwer Stanisława Pawlickiego,Wilda
skwer Stanisława Powalisza,Nowe Miasto
skwer Świętosławy Sygrydy,Nowe Miasto
skwer Tajnej Organizacji Nauczycielskiej,Wilda
skwer Teodora Łagody,Jeżyce
skwer Tercetu ABC,Grunwald
skwer Trzech Tramwajarek,Jeżyce
skwer Wacława Kopydłowskiego i Leona Stróżczyńskiego,Jeżyce
skwer Wincentego i Jana Wierzejewskich,Grunwald
skwer Włodzimierza Dworzaczka,Stare Miasto
skwer Wojciecha Cieślewicza,Stare Miasto
skwer Zielone Ogródki im. Zbigniewa Zakrzewskiego,Stare Miasto
Skwierzyńska,Stare Miasto
Śląska,Jeżyce
Sławińska,Grunwald
Sławomira,Nowe Miasto
Ślazowa,Stare Miasto
Ślesińska,Nowe Miasto
Ślężańska,Nowe Miasto
Śliska,Nowe Miasto
Śliwkowa,Wilda
Słodyńska,Jeżyce
Słomiana,Stare Miasto
Słoneczna,Grunwald
Słonecznikowa,Stare Miasto
Słonimska,Nowe Miasto
Słowiańska,Stare Miasto
Słowicza,Grunwald
Słubicka,Stare Miasto
Słupecka,Nowe Miasto
Słupska,Jeżyce
Ślusarska,Stare Miasto
Smardzewska,Grunwald
Śmiała,Nowe Miasto
Śmiełowska,Wilda
Śmigi,Nowe Miasto
Śmigielska,Grunwald
Smoka Wawelskiego,Grunwald
Smołdzinowska,Nowe Miasto
Smoleńska,Stare Miasto
Smolna,Nowe Miasto
Śniadeckich,Grunwald
Śnieżna,Stare Miasto
Snopowa,Nowe Miasto
Sobiesława,Nowe Miasto
Sobolowa,Nowe Miasto
Sobotecka,Grunwald
Sochaczewska,Jeżyce
Sofii Lutosławskiej,Jeżyce
Sofoklesa,Jeżyce
Sokalska,Nowe Miasto
Sokoła,Jeżyce
Solecka,Nowe Miasto
Solna,Stare Miasto
Sołtysia,Stare Miasto
Sopocka,Jeżyce
Soroki,Grunwald
Sośnicka,Nowe Miasto
Sosnowa,Wilda
Sowia,Nowe Miasto
Sowice,Nowe Miasto
Spacerowa,Jeżyce
Spadochronowa,Jeżyce
Spadzista,Wilda
Spichrzowa,Wilda
Śpiewaków,Jeżyce
Spławie,Nowe Miasto
Spokojna,Stare Miasto
Sporna,Stare Miasto
Sportowa,Wilda
Srebrna,Grunwald
Średnia,Nowe Miasto
Średzka,Nowe Miasto
Śremska,Nowe Miasto
Śródka,Nowe Miasto
Stalowa,Nowe Miasto
Stanisława Broniewskiego,Jeżyce
Stanisława Czernika,Grunwald
Stanisława Dygata,Jeżyce
Stanisława Grochowiaka,Jeżyce
Stanisława Grzmota-Skotnickiego,Stare Miasto
Stanisława Hejmowskiego,Stare Miasto
Stanisława Jachowicza,Grunwald
Stanisława Jakiela,Jeżyce
Stanisława Karwowskiego,Grunwald
Stanisława Knapowskiego,Grunwald
Stanisława Konarskiego,Nowe Miasto
Stanisława Królickiego,Jeżyce
Stanisława Kunickiego,Wilda
Stanisława Latwisa,Jeżyce
Stanisława Lema,Jeżyce
Stanisława Małachowskiego,Nowe Miasto
Stanisława Matyi,Stare Miasto
Stanisława Matyi,Wilda
Stanisława Niedbalskiego,Wilda
Stanisława Pawłowskiego,Stare Miasto
Stanisława Przybyszewskiego,Grunwald
Stanisława Przybyszewskiego,Jeżyce
Stanisława Rostworowskiego,Jeżyce
Stanisława Rungego,Stare Miasto
Stanisława Skalskiego,Jeżyce
Stanisława Skarżyńskiego,Jeżyce
Stanisława Staszica,Jeżyce
Stanisława Strugarka,Stare Miasto
Stanisława Szczepanowskiego,Jeżyce
Stanisława Taczaka,Stare Miasto
Stanisława Wachowiaka,Stare Miasto
Stanisława Wiechowicza,Stare Miasto
Stanisława Wigury,Jeżyce
Stanisława Worcella,Wilda
Stanisława Wyspiańskiego,Grunwald
Stanisława Zwierzchowskiego,Nowe Miasto
Stara Cegielnia,Grunwald
Starachowicka,Nowe Miasto
Starkowska,Nowe Miasto
Starogardzka,Jeżyce
Starołęcka,Nowe Miasto
Starosądecka,Nowe Miasto
Starowiejska,Stare Miasto
Startowa,Jeżyce
Stary Rynek,Stare Miasto
Staszowska,Nowe Miasto
Stawna,Stare Miasto
Stefana Balickiego,Grunwald
Stefana Czarnieckiego,Wilda
Stefana Drzewieckiego,Jeżyce
Stefana Grota-Roweckiego,Stare Miasto
Stefana Jaracza,Grunwald
Stefana Kisielewskiego,Jeżyce
Stefana Okrzei,Wilda
Stefana Poradowskiego,Stare Miasto
Stefana Różyckiego,Grunwald
Stefana Stoińskiego,Stare Miasto
Stefana Szolca-Rogozińskiego,Nowe Miasto
Stefana Vrtela-Wierczyńskiego,Stare Miasto
Stefana Żeromskiego,Jeżyce
Stefanii Sempołowskiej,Wilda
Stefanii Wojtulanis-Karpińskiej,Jeżyce
Stefanii Wołynki,Nowe Miasto
Sterowa,Jeżyce
Stęszewska,Grunwald
Stewnicka,Nowe Miasto
Stobnicka,Jeżyce
Stobrawska,Wilda
Stokrotkowa,Grunwald
Stolarska,Grunwald
Storczykowa,Grunwald
Straży Ludowej,Jeżyce
Strykowska,Grunwald
Strzałkowska,Nowe Miasto
Strzałowa,Stare Miasto
Strzecha,Grunwald
Strzegomska,Grunwald
Strzelca,Nowe Miasto
Strzelecka,Stare Miasto
Strzelińska,Grunwald
Strzeszyńska,Jeżyce
Strzyżowska,Nowe Miasto
Studzienna,Nowe Miasto
Sucha,Nowe Miasto
Sucholeska,Jeżyce
Sulechowska,Wilda
Suliszewska,Jeżyce
Sułkowicka,Nowe Miasto
Sulmierzycka,Grunwald
Sułowska,Jeżyce
Suwalska,Jeżyce
św. Antoniego,Nowe Miasto
św. Barbary,Stare Miasto
św. Czesława,Wilda
św. Floriana,Jeżyce
św. Jacka,Nowe Miasto
św. Jerzego,Wilda
św. Kingi,Nowe Miasto
św. Leonarda,Jeżyce
św. Marii Magdaleny,Stare Miasto
św. Michała,Nowe Miasto
św. Rocha,Nowe Miasto
św. Stanisława,Jeżyce
św. Szczepana,Wilda
św. Trójcy,Wilda
św. Wawrzyńca,Jeżyce
św. Wincentego,Nowe Miasto
Swantibora,Nowe Miasto
Swarożyca,Stare Miasto
Swarzędzka,Nowe Miasto
Świątniczki,Nowe Miasto
Światopełka,Nowe Miasto
Świdnicka,Grunwald
Świebodzińska,Grunwald
Święciańska,Nowe Miasto
Świecka,Jeżyce
Świeradowska,Jeżyce
Świerkowa,Wilda
Świerzawska,Grunwald
Świetlana,Grunwald
Świetlikowa,Stare Miasto
Świętochny,Nowe Miasto
Świętogórska,Grunwald
Świętojańska,Nowe Miasto
Świętosławska,Stare Miasto
Świętowidzka,Nowe Miasto
Święty Marcin,Stare Miasto
Święty Wojciech,Stare Miasto
Świt,Grunwald
Swoboda,Grunwald
Swojska,Jeżyce
Sycowska,Grunwald
Sycylijska,Stare Miasto
Synów Pułku,Jeżyce
Sypniewo,Nowe Miasto
Syrenia,Nowe Miasto
Sytkowska,Jeżyce
Szadecka,Grunwald
Szafirowa,Jeżyce
Szaflarska,Jeżyce
Szafranowa,Jeżyce
Szalupowa,Jeżyce
Szałwiowa,Stare Miasto
Szamocińska,Wilda
Szamotulska,Grunwald
Szamotulska,Jeżyce
Szantowa,Jeżyce
Szarotkowa,Grunwald
Szarych Szeregów,Jeżyce
Szczawiowa,Stare Miasto
Szczawnicka,Jeżyce
Szczecińska,Grunwald
Szczepankowo,Nowe Miasto
Szczęsna,Jeżyce
Szczęsnego Dettloffa,Stare Miasto
Szczytnicka,Nowe Miasto
Szeherezady,Grunwald
Szelągowska,Stare Miasto
Szewska,Stare Miasto
Szklarniowa,Stare Miasto
Szkolna,Stare Miasto
Szkunerowa,Jeżyce
Szkutnicza,Jeżyce
Szlachecka,Stare Miasto
Szmaragdowa,Stare Miasto
Szopienicka,Nowe Miasto
Szpaków,Nowe Miasto
Szparagowa,Nowe Miasto
Szpinakowa,Nowe Miasto
Szpitalna,Jeżyce
Szreniawska,Grunwald
Szronowa,Grunwald
Sztormowa,Jeżyce
Szubińska,Wilda
Szuwarowa,Grunwald
Szwajcarska,Nowe Miasto
Szwedzka,Nowe Miasto
Szybowcowa,Jeżyce
Szydłowiecka,Nowe Miasto
Szydłowska,Jeżyce
Szymborska,Grunwald
Szyperska,Stare Miasto
Taborowa,Grunwald
Tadeusza Boya-Żeleńskiego,Jeżyce
Tadeusza Gajcego,Jeżyce
Tadeusza Kościuszki,Stare Miasto
Tadeusza Kotarbińskiego,Wilda
Tadeusza Mikke,Jeżyce
Tadeusza Rejtana,Jeżyce
Tadeusza Rugego,Jeżyce
Tadeusza Szeligowskiego,Stare Miasto
Tadeusza Vetulaniego,Wilda
Tanewska,Jeżyce
Tarczowa,Grunwald
Tarninowa,Wilda
Tarnobrzeska,Nowe Miasto
Tarnowska,Nowe Miasto
Tatarakowa,Stare Miasto
Tatrzańska,Jeżyce
Tczewska,Jeżyce
Tęczowa,Grunwald
Templińska,Grunwald
Teodora Parnickiego,Jeżyce
Teodora Tyca,Wilda
Teofila Mateckiego,Stare Miasto
Teokryta,Jeżyce
Terespolska,Nowe Miasto
Teresy Remiszewskiej,Jeżyce
Termalna,Nowe Miasto
Ternicka,Nowe Miasto
Tokarska,Wilda
Tomasza Drobnika,Stare Miasto
Tomasza Zana,Stare Miasto
Tomaszowska,Nowe Miasto
Tony Halika,Nowe Miasto
Topazowa,Stare Miasto
Topolowa,Wilda
Torfowa,Grunwald
Toropiecka,Stare Miasto
Torowa,Nowe Miasto
Toruńska,Nowe Miasto
Toskańska,Stare Miasto
Towarowa,Stare Miasto
Trębacka,Grunwald
Treblińska,Nowe Miasto
Trocka,Nowe Miasto
Trójpole,Stare Miasto
Truskawiecka,Jeżyce
Truskawkowa,Nowe Miasto
Trybunalska,Grunwald
Trzcianecka,Jeżyce
Trzebawska,Grunwald
Trzebiatowska,Jeżyce
Trzebińska,Grunwald
Trzemeszeńska,Nowe Miasto
Tucholska,Jeżyce
Tulipanowa,Grunwald
Turkusowa,Jeżyce
Turniowa,Grunwald
Turystyczna,Jeżyce
Twardogórska,Grunwald
Tyczyńska,Nowe Miasto
Tylicka,Jeżyce
Tylne Chwaliszewo,Stare Miasto
Tymiankowa,Stare Miasto
Tyniecka,Grunwald
Tyrwacka,Stare Miasto
Tyska,Jeżyce
Ugory,Stare Miasto
Ułańska,Grunwald
Umultowska,Stare Miasto
Unii Lubelskiej,Nowe Miasto
Unisława,Nowe Miasto
Uprawna,Nowe Miasto
Uradzka,Grunwald
Urbanowska,Jeżyce
Urocza,Stare Miasto
Urodzajna,Nowe Miasto
Urszulanek,Nowe Miasto
Urszuli Ledóchowskiej,Jeżyce
Urwista,Nowe Miasto
Ustronna,Grunwald
Ustrońska,Wilda
Ustrzycka,Nowe Miasto
Uświacka,Stare Miasto
Uzdrowiskowa,Jeżyce
Uznamska,Nowe Miasto
Wacława Gieburowskiego,Stare Miasto
Wacława Rzewuskiego,Nowe Miasto
Wacława Strażewicza,Stare Miasto
Wadowicka,Nowe Miasto
Wagi,Nowe Miasto
Wągrowiecka,Grunwald
Wagrowska,Nowe Miasto
Wałbrzyska,Grunwald
Wałecka,Jeżyce
Walentego Stefańskiego,Wilda
Walerego Wróblewskiego,Wilda
Wandy,Nowe Miasto
Wandy Modlibowskiej,Grunwald
Waniliowa,Stare Miasto
Warecka,Nowe Miasto
Warmińska,Jeżyce
Warowna,Nowe Miasto
Warpińska,Nowe Miasto
Warpnowska,Jeżyce
Warszawska,Nowe Miasto
Warzywna,Stare Miasto
Wąska,Jeżyce
Wawerska,Grunwald
Wąwozowa,Grunwald
Wawrzyńca Engestroma,Jeżyce
Wczasowa,Nowe Miasto
Wdzięczna,Nowe Miasto
Węglowa,Grunwald
Węgorzewska,Jeżyce
Wejherowska,Jeżyce
Wenecjańska,Stare Miasto
Wenedów,Stare Miasto
Wergiliusza,Jeżyce
Wesoła,Jeżyce
Wiankowa,Nowe Miasto
Wiatraczna,Nowe Miasto
Wiązowa,Wilda
Wichrowa,Jeżyce
Widawska,Nowe Miasto
Widłakowa,Stare Miasto
Widna,Jeżyce
Widok,Grunwald
Wiece,Jeżyce
Wieczorynki,Grunwald
Wiedeńska,Stare Miasto
Wiejska,Nowe Miasto
Wielecka,Nowe Miasto
Wielichowska,Wilda
Wielka,Stare Miasto
Wielkołucka,Stare Miasto
Wieluńska,Wilda
Wieprawska,Nowe Miasto
Wierchowa,Jeżyce
Wieruszowska,Grunwald
Wierzbięcice,Wilda
Wierzbowa,Stare Miasto
Wiesiołkowa,Stare Miasto
Wiesławy,Nowe Miasto
Wietrzna,Stare Miasto
Wietrzykowskich,Jeżyce
Wiewiórcza,Nowe Miasto
Wieżowa,Nowe Miasto
Więzowska,Wilda
Wiklinowa,Wilda
Wiktora Degi,Stare Miasto
Wiktora Gosienieckiego,Wilda
Wiktora Jankowskiego,Nowe Miasto
Wiktora Pacajewa,Stare Miasto
Wilanowska,Stare Miasto
Wilcza,Nowe Miasto
Wilczak,Stare Miasto
Wileńska,Nowe Miasto
Wileńska,Stare Miasto
Wilhelma Grimma,Grunwald
Wilkońskich,Jeżyce
Wilków Morskich,Jeżyce
Willowa,Jeżyce
Wincentego Jezierskiego,Stare Miasto
Wincentego Kadłubka,Jeżyce
Wincentego Pstrowskiego,Nowe Miasto
Wincentego Rapackiego,Grunwald
Wincentego Różańskiego,Jeżyce
Wincentego Styczyńskiego,Wilda
Wincentego Witosa,Jeżyce
Winiarska,Jeżyce
Winna,Stare Miasto
Winogrady,Stare Miasto
Winogronowa,Nowe Miasto
Wiosenna,Jeżyce
Wioślarska,Nowe Miasto
Wirska,Jeżyce
Wiślana,Jeżyce
Wiślicka,Nowe Miasto
Wisłocka,Jeżyce
Wiśniowa,Wilda
Witebska,Stare Miasto
Witkowska,Nowe Miasto
Witnicka,Grunwald
Witolda Gombrowicza,Jeżyce
Witolda Pileckiego,Jeżyce
Witosława,Nowe Miasto
Wituchowska,Jeżyce
Władymira,Nowe Miasto
Władysława Bełzy,Grunwald
Władysława Biegańskiego,Stare Miasto
Władysława Bortnowskiego,Stare Miasto
Władysława Kotwicza,Nowe Miasto
Władysława Kozłowskiego,Stare Miasto
Władysława Nehringa,Grunwald
Władysława Orkana,Wilda
Władysława Pniewskiego,Stare Miasto
Władysława Reymonta,Grunwald
Władysława Sikorskiego,Wilda
Władysława Syrokomli,Stare Miasto
Władysława Węgorka,Grunwald
Władysława Wołkowa,Stare Miasto
Władysława Zamoyskiego,Wilda
Włocławska,Nowe Miasto
Włodarska,Stare Miasto
Włodzimierza Majakowskiego,Nowe Miasto
Włościańska,Stare Miasto
Włoszakowicka,Wilda
Wodna,Stare Miasto
Wodnika,Nowe Miasto
Wojciecha Bąka,Grunwald
Wojciecha Bogusławskiego,Grunwald
Wojciecha Cybulskiego,Grunwald
Wojciecha Korfantego,Wilda
Wojnowicka,Grunwald
Wojska Polskiego,Jeżyce
Wojskowa,Grunwald
Wójtowska,Stare Miasto
Wolbromska,Nowe Miasto
Wołczyńska,Grunwald
Wolińska,Jeżyce
Wołkowyska,Nowe Miasto
Wolne Tory,Wilda
Wolnica,Stare Miasto
Wołowska,Grunwald
Wolska,Grunwald
Wolsztyńska,Grunwald
Wołyńska,Jeżyce
Wonna,Jeżyce
Woźna,Stare Miasto
Woźnicka,Grunwald
Wrocławska,Stare Miasto
Wronczyńska,Grunwald
Wroniecka,Stare Miasto
Wrotyczowa,Stare Miasto
Wrzesińska,Nowe Miasto
Wrzosowa,Wilda
Wschodnia,Nowe Miasto
Wschowska,Grunwald
Wspólna,Wilda
Wszystkich Świętych,Stare Miasto
Wybieg,Nowe Miasto
Wygon,Nowe Miasto
Wykopy,Grunwald
Wyłom,Stare Miasto
Wypoczynkowa,Jeżyce
Wyrzyska,Jeżyce
Wysoka,Stare Miasto
Wyszeborska,Grunwald
Wyszomierska,Grunwald
Wyzwolenia,Nowe Miasto
Wyżyny,Stare Miasto
Wzgórze św. Wojciecha,Stare Miasto
Wzlotowa,Jeżyce
Xawerego Dunikowskiego,Wilda
Za Bramką,Stare Miasto
Za Cybiną,Nowe Miasto
Za Cytadelą,Stare Miasto
Za Groblą,Stare Miasto
Żabia,Grunwald
Ząbkowicka,Grunwald
Zaborowska,Nowe Miasto
Zabrzańska,Nowe Miasto
Zachodnia,Grunwald
Zacisze,Jeżyce
Zagajnikowa,Stare Miasto
Żagańska,Grunwald
Żaglowa,Jeżyce
Zagonowa,Stare Miasto
Zagórze,Nowe Miasto
Zagórzycka,Jeżyce
Zagrodnicza,Stare Miasto
Zajęcza,Nowe Miasto
Zakątek,Grunwald
Zaklikowska,Nowe Miasto
Zakopiańska,Jeżyce
Zakręt,Grunwald
Zakrzewska,Jeżyce
Załęże,Grunwald
Zambrowska,Nowe Miasto
Zamiejska,Grunwald
Zamknięta,Grunwald
Zamkowa,Stare Miasto
Zamojska,Nowe Miasto
Zamysłowska,Grunwald
Zaniemyska,Nowe Miasto
Żarnowiecka,Jeżyce
zaułek Ślepego Antka,Stare Miasto
Zawady,Nowe Miasto
Zawiertowska,Nowe Miasto
Zawilcowa,Grunwald
Zbąszyńska,Grunwald
Zbigniewa Burzyńskiego,Jeżyce
Zbigniewa Herberta,Jeżyce
Zbigniewa Kiedacza,Wilda
Żbikowa,Nowe Miasto
Zbożowa,Stare Miasto
Zbyłowita,Nowe Miasto
Zbyszka,Nowe Miasto
Zdobywców Monte Cassino,Stare Miasto
Zdrojowa,Nowe Miasto
Zdunowska,Nowe Miasto
Zdziechowska,Grunwald
Zdzisława Dworzeckiego,Jeżyce
Zdzisławy,Nowe Miasto
Żegiestowska,Jeżyce
Żeglarska,Nowe Miasto
Żegrze,Nowe Miasto
Żelazna,Nowe Miasto
Zemborzycka,Nowe Miasto
Żeńców,Nowe Miasto
Zenona Kosidowskiego,Grunwald
Żerkowska,Wilda
Zgierska,Grunwald
Zgoda,Grunwald
Zgorzelecka,Grunwald
Ziarnista,Stare Miasto
Ziębicka,Grunwald
Zieleńska,Nowe Miasto
Zieliniec,Nowe Miasto
Zielona,Stare Miasto
Ziemowita,Nowe Miasto
Ziemska,Nowe Miasto
Zimorodka,Nowe Miasto
Zimowa,Jeżyce
Zjazd,Jeżyce
Żlebowa,Wilda
Złocieniecka,Grunwald
Złocieniowa,Stare Miasto
Złota,Jeżyce
Złotej Kaczki,Grunwald
Złotnicka,Jeżyce
Złotowska,Grunwald
Zmartwychwstańców,Wilda
Żmigrodzka,Grunwald
Żmudzka,Jeżyce
Żnińska,Jeżyce
Żniwna,Stare Miasto
Zodiakowa,Nowe Miasto
Zofii Nałkowskiej,Jeżyce
Zofii Sokolnickiej,Jeżyce
Żołnierzy Górników,Jeżyce
Żołnierzy Lenino,Stare Miasto
Żołnierzy Narwiku,Stare Miasto
Żołnierzy Wyklętych,Jeżyce
Żonkilowa,Grunwald
Żorska,Nowe Miasto
Zorza,Grunwald
Źródlana,Jeżyce
Żukowska,Jeżyce
Żuławska,Jeżyce
Żurawia,Jeżyce
Żurawicka,Nowe Miasto
Żurawinowa,Wilda
Żuromińska,Jeżyce
Związku Walki Zbrojnej,Stare Miasto
Zwierzyniecka,Jeżyce
Żwirowa,Grunwald
Zwoleńska,Nowe Miasto
Zwrotnicza,Grunwald
Żydowska,Stare Miasto
Zygmunta Berlinga,Stare Miasto
Zygmunta Krasińskiego,Jeżyce
Zygmunta Kubiaka,Jeżyce
Zygmunta Lisowskiego,Stare Miasto
Zygmunta Noskowskiego,Stare Miasto
Zygmunta Szweykowskiego,Stare Miasto
Zygmunta Warczygłowy,Nowe Miasto
Zygmunta Wojciechowskiego,Stare Miasto
Zygmunta Zaleskiego,Jeżyce
Zygmunta Żuraszka,Jeżyce
Żytnia,Stare Miasto
Żywiczna,Nowe Miasto
Żywiecka,Nowe Miasto
Żywocicka,Grunwald
Żywokostowa,Stare Miasto
Żyzna,Nowe Miasto
Armii Krajowej,Nowe Miasto
Bajkowe,Grunwald
Bohaterów II Wojny Światowej,Nowe Miasto
Bolesława Chrobrego,Stare Miasto
Bolesława Śmiałego,Stare Miasto
Czecha,Nowe Miasto
Dębina,Wilda
Hetmańskie,Grunwald
Jagiellońskie,Nowe Miasto
Jana III Sobieskiego,Stare Miasto
Kosmonautów,Stare Miasto
ks. Jerzego Popiełuszki,Grunwald
Lecha,Nowe Miasto
Lotnictwa Polskiego,Jeżyce
Lotników Wielkopolskich,Jeżyce
Marysieńki,Stare Miasto
Mikołaja Kopernika,Grunwald
Na Murawie,Stare Miasto
Orła Białego,Nowe Miasto
Oświecenia,Nowe Miasto
Piastowskie,Nowe Miasto
Pod Lipami,Stare Miasto
Polan,Nowe Miasto
Powstań Narodowych,Nowe Miasto
Powstańców Śląskich,Wilda
Powstańców Warszawy,Stare Miasto
Przemysława,Nowe Miasto
Przyjaźni,Stare Miasto
Rusa,Nowe Miasto
Rzeczypospolitej,Nowe Miasto
Słowiańskie,Jeżyce
Stare Żegrze,Nowe Miasto
Stefana Batorego,Stare Miasto
Tysiąclecia,Nowe Miasto
Warszawskie,Nowe Miasto
Wichrowe Wzgórze,Stare Miasto
Winiary,Jeżyce
Władysława Jagiełły,Stare Miasto
Władysława Łokietka,Stare Miasto
Zodiak,Nowe Miasto
Zwycięstwa,Stare Miasto
Zygmunta Starego,Stare Miasto
Osiedle Armii Krajowej,Nowe Miasto
Osiedle Bajkowe,Grunwald
Osiedle Bohaterów II Wojny Światowej,Nowe Miasto
Osiedle Bolesława Chrobrego,Stare Miasto
Osiedle Bolesława Śmiałego,Stare Miasto
Osiedle Czecha,Nowe Miasto
Osiedle Dębina,Wilda
Osiedle Hetmańskie,Grunwald
Osiedle Jagiellońskie,Nowe Miasto
Osiedle Jana III Sobieskiego,Stare Miasto
Osiedle Kosmonautów,Stare Miasto
Osiedle ks. Jerzego Popiełuszki,Grunwald
Osiedle Lecha,Nowe Miasto
Osiedle Lotnictwa Polskiego,Jeżyce
Osiedle Lotników Wielkopolskich,Jeżyce
Osiedle Marysieńki,Stare Miasto
Osiedle Mikołaja Kopernika,Grunwald
Osiedle Na Murawie,Stare Miasto
Osiedle Orła Białego,Nowe Miasto
Osiedle Oświecenia,Nowe Miasto
Osiedle Piastowskie,Nowe Miasto
Osiedle Pod Lipami,Stare Miasto
Osiedle Polan,Nowe Miasto
Osiedle Powstań Narodowych,Nowe Miasto
Osiedle Powstańców Śląskich,Wilda
Osiedle Powstańców Warszawy,Stare Miasto
Osiedle Przemysława,Nowe Miasto
Osiedle Przyjaźni,Stare Miasto
Osiedle Rusa,Nowe Miasto
Osiedle Rzeczypospolitej,Nowe Miasto
Osiedle Słowiańskie,Jeżyce
Osiedle Stare Żegrze,Nowe Miasto
Osiedle Stefana Batorego,Stare Miasto
Osiedle Tysiąclecia,Nowe Miasto
Osiedle Warszawskie,Nowe Miasto
Osiedle Wichrowe Wzgórze,Stare Miasto
Osiedle Winiary,Jeżyce
Osiedle Władysława Jagiełły,Stare Miasto
Osiedle Władysława Łokietka,Stare Miasto
Osiedle Zodiak,Nowe Miasto
Osiedle Zwycięstwa,Stare Miasto
Osiedle Zygmunta Starego,Stare Miasto